FBgn0039596	4-day Adult, Caffeine 2.5mg/ml	1
FBgn0039596	4-day Adult, Caffeine 25mg/ml	0
FBgn0039596	4-day Adult, Cd 0.05M	0
FBgn0039596	4-day Adult, Cd 0.1M	1
FBgn0039596	4-day Adult, Cu 15mM	0
FBgn0039596	4-day Adult, Paraquat 10mM	1
FBgn0039596	4-day Adult, Paraquat 5mM	0
FBgn0039596	4-day Adult, Zn 4.5mM	1
FBgn0039596	4-day Adult, cold 1	0
FBgn0039596	4-day Adult, cold 2	0
FBgn0039596	4-day Adult, heatshock	0
FBgn0039596	A 1d carcass	0
FBgn0039596	A 1d dig sys	3
FBgn0039596	A 20d carcass	0
FBgn0039596	A 20d dig sys	2
FBgn0039596	A 4d carcass	0
FBgn0039596	A 4d dig sys	1
FBgn0039596	A MateF 1d head	0
FBgn0039596	A MateF 20d head	0
FBgn0039596	A MateF 4d head	0
FBgn0039596	A MateF 4d ovary	0
FBgn0039596	A MateM 1d head	0
FBgn0039596	A MateM 20d head	0
FBgn0039596	A MateM 4d acc gland	1
FBgn0039596	A MateM 4d head	0
FBgn0039596	A MateM 4d testis	0
FBgn0039596	A VirF 1d head	0
FBgn0039596	A VirF 20d head	0
FBgn0039596	A VirF 4d head	0
FBgn0039596	A VirF 4d ovary	0
FBgn0039596	CNS ML-DmBG1-c1	0
FBgn0039596	CNS ML-DmBG2-c2	0
FBgn0039596	L3 CNS	0
FBgn0039596	L3 Wand carcass	0
FBgn0039596	L3 Wand dig sys	1
FBgn0039596	L3 Wand fat	0
FBgn0039596	L3 Wand imag disc	0
FBgn0039596	L3 Wand saliv	0
FBgn0039596	P15	1
FBgn0039596	P5	0
FBgn0039596	P6	0
FBgn0039596	P8	0
FBgn0039596	P8 CNS	0
FBgn0039596	P8 fat	0
FBgn0039596	P9-10	0
FBgn0039596	Schneider line 2 S2R+	0
FBgn0039596	Schneider line 2 Sg4	0
FBgn0039596	WPP fat	0
FBgn0039596	WPP saliv	0
FBgn0039596	adult female 01day	1
FBgn0039596	adult female 05day	0
FBgn0039596	adult female 30day	0
FBgn0039596	adult male 01day	1
FBgn0039596	adult male 05day	1
FBgn0039596	adult male 30day	1
FBgn0039596	antennal disc ML-DmD20-c5	0
FBgn0039596	embryo 00-02hr	0
FBgn0039596	embryo 02-04hr	0
FBgn0039596	embryo 04-06hr	0
FBgn0039596	embryo 06-08hr	0
FBgn0039596	embryo 08-10hr	0
FBgn0039596	embryo 10-12hr	0
FBgn0039596	embryo 12-14hr	0
FBgn0039596	embryo 14-16hr	1
FBgn0039596	embryo 16-18hr	4
FBgn0039596	embryo 18-20hr	11
FBgn0039596	embryo 20-22hr	7
FBgn0039596	embryo 22-24hr	9
FBgn0039596	embryonic 1182-4H	0
FBgn0039596	embryonic GM2	0
FBgn0039596	embryonic Kc167	0
FBgn0039596	embryonic S1	0
FBgn0039596	embryonic S3	0
FBgn0039596	eye-antennal disc ML-DmD11	0
FBgn0039596	haltere disc ML-DmD17-c3	1
FBgn0039596	larva L1	4
FBgn0039596	larva L2	2
FBgn0039596	larva L3 12hr old	2
FBgn0039596	larva L3 late, Zn 5mM	0
FBgn0039596	larva L3 puffstage 1-2	1
FBgn0039596	larva L3 puffstage 3-6	0
FBgn0039596	larva L3 puffstage 7-9	0
FBgn0039596	larva L3, Caffeine 1.5mg/ml	0
FBgn0039596	larva L3, Cd 12hr	0
FBgn0039596	larva L3, Cd 6hr	0
FBgn0039596	larva L3, Cu 0.5mM	1
FBgn0039596	larva L3, EtOH 10	0
FBgn0039596	larva L3, EtOH 2.5	1
FBgn0039596	larva L3, EtOH 5	0
FBgn0039596	larva L3, Rotenone 2μg	0
FBgn0039596	larva L3, Rotenone 8μg	0
FBgn0039596	leg disc CME L1	0
FBgn0039596	mixed discs ML-DmD4-c1	0
FBgn0039596	ovary OSC	0
FBgn0039596	ovary OSS	0
FBgn0039596	ovary fGS/OSS	0
FBgn0039596	tumorous blood cells mbn2	0
FBgn0039596	white prepupae new	0
FBgn0039596	wing disc CME-W2	0
FBgn0039596	wing disc ML-DmD16-c3	0
FBgn0039596	wing disc ML-DmD21	0
FBgn0039596	wing disc ML-DmD32	0
FBgn0039596	wing disc ML-DmD8	0
FBgn0039596	wing disc ML-DmD9	0
FBgn0039595	4-day Adult, Caffeine 2.5mg/ml	2
FBgn0039595	4-day Adult, Caffeine 25mg/ml	1
FBgn0039595	4-day Adult, Cd 0.05M	3
FBgn0039595	4-day Adult, Cd 0.1M	2
FBgn0039595	4-day Adult, Cu 15mM	2
FBgn0039595	4-day Adult, Paraquat 10mM	4
FBgn0039595	4-day Adult, Paraquat 5mM	4
FBgn0039595	4-day Adult, Zn 4.5mM	2
FBgn0039595	4-day Adult, cold 1	1
FBgn0039595	4-day Adult, cold 2	2
FBgn0039595	4-day Adult, heatshock	3
FBgn0039595	A 1d carcass	1
FBgn0039595	A 1d dig sys	4
FBgn0039595	A 20d carcass	2
FBgn0039595	A 20d dig sys	5
FBgn0039595	A 4d carcass	2
FBgn0039595	A 4d dig sys	6
FBgn0039595	A MateF 1d head	0
FBgn0039595	A MateF 20d head	1
FBgn0039595	A MateF 4d head	1
FBgn0039595	A MateF 4d ovary	0
FBgn0039595	A MateM 1d head	2
FBgn0039595	A MateM 20d head	1
FBgn0039595	A MateM 4d acc gland	2
FBgn0039595	A MateM 4d head	1
FBgn0039595	A MateM 4d testis	1
FBgn0039595	A VirF 1d head	1
FBgn0039595	A VirF 20d head	1
FBgn0039595	A VirF 4d head	0
FBgn0039595	A VirF 4d ovary	0
FBgn0039595	CNS ML-DmBG1-c1	0
FBgn0039595	CNS ML-DmBG2-c2	0
FBgn0039595	L3 CNS	2
FBgn0039595	L3 Wand carcass	18
FBgn0039595	L3 Wand dig sys	6
FBgn0039595	L3 Wand fat	0
FBgn0039595	L3 Wand imag disc	1
FBgn0039595	L3 Wand saliv	0
FBgn0039595	P15	3
FBgn0039595	P5	8
FBgn0039595	P6	5
FBgn0039595	P8	2
FBgn0039595	P8 CNS	1
FBgn0039595	P8 fat	2
FBgn0039595	P9-10	2
FBgn0039595	Schneider line 2 S2R+	0
FBgn0039595	Schneider line 2 Sg4	0
FBgn0039595	WPP fat	0
FBgn0039595	WPP saliv	0
FBgn0039595	adult female 01day	3
FBgn0039595	adult female 05day	1
FBgn0039595	adult female 30day	1
FBgn0039595	adult male 01day	4
FBgn0039595	adult male 05day	5
FBgn0039595	adult male 30day	5
FBgn0039595	antennal disc ML-DmD20-c5	0
FBgn0039595	embryo 00-02hr	0
FBgn0039595	embryo 02-04hr	0
FBgn0039595	embryo 04-06hr	0
FBgn0039595	embryo 06-08hr	0
FBgn0039595	embryo 08-10hr	0
FBgn0039595	embryo 10-12hr	0
FBgn0039595	embryo 12-14hr	0
FBgn0039595	embryo 14-16hr	1
FBgn0039595	embryo 16-18hr	3
FBgn0039595	embryo 18-20hr	8
FBgn0039595	embryo 20-22hr	14
FBgn0039595	embryo 22-24hr	15
FBgn0039595	embryonic 1182-4H	0
FBgn0039595	embryonic GM2	0
FBgn0039595	embryonic Kc167	0
FBgn0039595	embryonic S1	0
FBgn0039595	embryonic S3	0
FBgn0039595	eye-antennal disc ML-DmD11	0
FBgn0039595	haltere disc ML-DmD17-c3	0
FBgn0039595	larva L1	16
FBgn0039595	larva L2	6
FBgn0039595	larva L3 12hr old	3
FBgn0039595	larva L3 late, Zn 5mM	1
FBgn0039595	larva L3 puffstage 1-2	5
FBgn0039595	larva L3 puffstage 3-6	11
FBgn0039595	larva L3 puffstage 7-9	17
FBgn0039595	larva L3, Caffeine 1.5mg/ml	4
FBgn0039595	larva L3, Cd 12hr	9
FBgn0039595	larva L3, Cd 6hr	4
FBgn0039595	larva L3, Cu 0.5mM	2
FBgn0039595	larva L3, EtOH 10	5
FBgn0039595	larva L3, EtOH 2.5	2
FBgn0039595	larva L3, EtOH 5	3
FBgn0039595	larva L3, Rotenone 2μg	3
FBgn0039595	larva L3, Rotenone 8μg	4
FBgn0039595	leg disc CME L1	0
FBgn0039595	mixed discs ML-DmD4-c1	0
FBgn0039595	ovary OSC	0
FBgn0039595	ovary OSS	0
FBgn0039595	ovary fGS/OSS	0
FBgn0039595	tumorous blood cells mbn2	0
FBgn0039595	white prepupae new	11
FBgn0039595	wing disc CME-W2	0
FBgn0039595	wing disc ML-DmD16-c3	0
FBgn0039595	wing disc ML-DmD21	0
FBgn0039595	wing disc ML-DmD32	0
FBgn0039595	wing disc ML-DmD8	0
FBgn0039595	wing disc ML-DmD9	0
FBgn0000659	4-day Adult, Caffeine 2.5mg/ml	6
FBgn0000659	4-day Adult, Caffeine 25mg/ml	10
FBgn0000659	4-day Adult, Cd 0.05M	8
FBgn0000659	4-day Adult, Cd 0.1M	6
FBgn0000659	4-day Adult, Cu 15mM	12
FBgn0000659	4-day Adult, Paraquat 10mM	10
FBgn0000659	4-day Adult, Paraquat 5mM	8
FBgn0000659	4-day Adult, Zn 4.5mM	23
FBgn0000659	4-day Adult, cold 1	12
FBgn0000659	4-day Adult, cold 2	12
FBgn0000659	4-day Adult, heatshock	7
FBgn0000659	A 1d carcass	4
FBgn0000659	A 1d dig sys	28
FBgn0000659	A 20d carcass	5
FBgn0000659	A 20d dig sys	37
FBgn0000659	A 4d carcass	4
FBgn0000659	A 4d dig sys	39
FBgn0000659	A MateF 1d head	6
FBgn0000659	A MateF 20d head	4
FBgn0000659	A MateF 4d head	5
FBgn0000659	A MateF 4d ovary	0
FBgn0000659	A MateM 1d head	9
FBgn0000659	A MateM 20d head	6
FBgn0000659	A MateM 4d acc gland	2
FBgn0000659	A MateM 4d head	9
FBgn0000659	A MateM 4d testis	1
FBgn0000659	A VirF 1d head	6
FBgn0000659	A VirF 20d head	4
FBgn0000659	A VirF 4d head	7
FBgn0000659	A VirF 4d ovary	0
FBgn0000659	CNS ML-DmBG1-c1	23
FBgn0000659	CNS ML-DmBG2-c2	0
FBgn0000659	L3 CNS	29
FBgn0000659	L3 Wand carcass	6
FBgn0000659	L3 Wand dig sys	48
FBgn0000659	L3 Wand fat	0
FBgn0000659	L3 Wand imag disc	8
FBgn0000659	L3 Wand saliv	8
FBgn0000659	P15	9
FBgn0000659	P5	15
FBgn0000659	P6	10
FBgn0000659	P8	7
FBgn0000659	P8 CNS	18
FBgn0000659	P8 fat	6
FBgn0000659	P9-10	5
FBgn0000659	Schneider line 2 S2R+	0
FBgn0000659	Schneider line 2 Sg4	0
FBgn0000659	WPP fat	3
FBgn0000659	WPP saliv	6
FBgn0000659	adult female 01day	6
FBgn0000659	adult female 05day	2
FBgn0000659	adult female 30day	2
FBgn0000659	adult male 01day	7
FBgn0000659	adult male 05day	9
FBgn0000659	adult male 30day	11
FBgn0000659	antennal disc ML-DmD20-c5	0
FBgn0000659	embryo 00-02hr	1
FBgn0000659	embryo 02-04hr	21
FBgn0000659	embryo 04-06hr	39
FBgn0000659	embryo 06-08hr	56
FBgn0000659	embryo 08-10hr	49
FBgn0000659	embryo 10-12hr	32
FBgn0000659	embryo 12-14hr	28
FBgn0000659	embryo 14-16hr	22
FBgn0000659	embryo 16-18hr	18
FBgn0000659	embryo 18-20hr	21
FBgn0000659	embryo 20-22hr	11
FBgn0000659	embryo 22-24hr	10
FBgn0000659	embryonic 1182-4H	0
FBgn0000659	embryonic GM2	0
FBgn0000659	embryonic Kc167	0
FBgn0000659	embryonic S1	0
FBgn0000659	embryonic S3	0
FBgn0000659	eye-antennal disc ML-DmD11	0
FBgn0000659	haltere disc ML-DmD17-c3	0
FBgn0000659	larva L1	12
FBgn0000659	larva L2	8
FBgn0000659	larva L3 12hr old	7
FBgn0000659	larva L3 late, Zn 5mM	14
FBgn0000659	larva L3 puffstage 1-2	5
FBgn0000659	larva L3 puffstage 3-6	11
FBgn0000659	larva L3 puffstage 7-9	14
FBgn0000659	larva L3, Caffeine 1.5mg/ml	9
FBgn0000659	larva L3, Cd 12hr	7
FBgn0000659	larva L3, Cd 6hr	9
FBgn0000659	larva L3, Cu 0.5mM	13
FBgn0000659	larva L3, EtOH 10	6
FBgn0000659	larva L3, EtOH 2.5	5
FBgn0000659	larva L3, EtOH 5	6
FBgn0000659	larva L3, Rotenone 2μg	6
FBgn0000659	larva L3, Rotenone 8μg	5
FBgn0000659	leg disc CME L1	0
FBgn0000659	mixed discs ML-DmD4-c1	0
FBgn0000659	ovary OSC	0
FBgn0000659	ovary OSS	0
FBgn0000659	ovary fGS/OSS	0
FBgn0000659	tumorous blood cells mbn2	0
FBgn0000659	white prepupae new	18
FBgn0000659	wing disc CME-W2	0
FBgn0000659	wing disc ML-DmD16-c3	0
FBgn0000659	wing disc ML-DmD21	0
FBgn0000659	wing disc ML-DmD32	0
FBgn0000659	wing disc ML-DmD8	0
FBgn0000659	wing disc ML-DmD9	0
FBgn0037972	4-day Adult, Caffeine 2.5mg/ml	5
FBgn0037972	4-day Adult, Caffeine 25mg/ml	15
FBgn0037972	4-day Adult, Cd 0.05M	7
FBgn0037972	4-day Adult, Cd 0.1M	8
FBgn0037972	4-day Adult, Cu 15mM	6
FBgn0037972	4-day Adult, Paraquat 10mM	4
FBgn0037972	4-day Adult, Paraquat 5mM	2
FBgn0037972	4-day Adult, Zn 4.5mM	5
FBgn0037972	4-day Adult, cold 1	20
FBgn0037972	4-day Adult, cold 2	17
FBgn0037972	4-day Adult, heatshock	8
FBgn0037972	A 1d carcass	1
FBgn0037972	A 1d dig sys	3
FBgn0037972	A 20d carcass	1
FBgn0037972	A 20d dig sys	3
FBgn0037972	A 4d carcass	1
FBgn0037972	A 4d dig sys	2
FBgn0037972	A MateF 1d head	0
FBgn0037972	A MateF 20d head	1
FBgn0037972	A MateF 4d head	0
FBgn0037972	A MateF 4d ovary	4
FBgn0037972	A MateM 1d head	0
FBgn0037972	A MateM 20d head	0
FBgn0037972	A MateM 4d acc gland	3
FBgn0037972	A MateM 4d head	1
FBgn0037972	A MateM 4d testis	2
FBgn0037972	A VirF 1d head	1
FBgn0037972	A VirF 20d head	0
FBgn0037972	A VirF 4d head	0
FBgn0037972	A VirF 4d ovary	6
FBgn0037972	CNS ML-DmBG1-c1	0
FBgn0037972	CNS ML-DmBG2-c2	0
FBgn0037972	L3 CNS	11
FBgn0037972	L3 Wand carcass	41
FBgn0037972	L3 Wand dig sys	18
FBgn0037972	L3 Wand fat	12
FBgn0037972	L3 Wand imag disc	39
FBgn0037972	L3 Wand saliv	1
FBgn0037972	P15	5
FBgn0037972	P5	104
FBgn0037972	P6	57
FBgn0037972	P8	76
FBgn0037972	P8 CNS	116
FBgn0037972	P8 fat	804
FBgn0037972	P9-10	7
FBgn0037972	Schneider line 2 S2R+	0
FBgn0037972	Schneider line 2 Sg4	1
FBgn0037972	WPP fat	184
FBgn0037972	WPP saliv	27
FBgn0037972	adult female 01day	1
FBgn0037972	adult female 05day	1
FBgn0037972	adult female 30day	1
FBgn0037972	adult male 01day	1
FBgn0037972	adult male 05day	1
FBgn0037972	adult male 30day	1
FBgn0037972	antennal disc ML-DmD20-c5	2
FBgn0037972	embryo 00-02hr	1
FBgn0037972	embryo 02-04hr	3
FBgn0037972	embryo 04-06hr	5
FBgn0037972	embryo 06-08hr	18
FBgn0037972	embryo 08-10hr	26
FBgn0037972	embryo 10-12hr	42
FBgn0037972	embryo 12-14hr	34
FBgn0037972	embryo 14-16hr	5
FBgn0037972	embryo 16-18hr	1
FBgn0037972	embryo 18-20hr	1
FBgn0037972	embryo 20-22hr	1
FBgn0037972	embryo 22-24hr	2
FBgn0037972	embryonic 1182-4H	1
FBgn0037972	embryonic GM2	1
FBgn0037972	embryonic Kc167	13
FBgn0037972	embryonic S1	1
FBgn0037972	embryonic S3	0
FBgn0037972	eye-antennal disc ML-DmD11	2
FBgn0037972	haltere disc ML-DmD17-c3	0
FBgn0037972	larva L1	3
FBgn0037972	larva L2	15
FBgn0037972	larva L3 12hr old	4
FBgn0037972	larva L3 late, Zn 5mM	20
FBgn0037972	larva L3 puffstage 1-2	6
FBgn0037972	larva L3 puffstage 3-6	9
FBgn0037972	larva L3 puffstage 7-9	20
FBgn0037972	larva L3, Caffeine 1.5mg/ml	13
FBgn0037972	larva L3, Cd 12hr	24
FBgn0037972	larva L3, Cd 6hr	13
FBgn0037972	larva L3, Cu 0.5mM	17
FBgn0037972	larva L3, EtOH 10	13
FBgn0037972	larva L3, EtOH 2.5	3
FBgn0037972	larva L3, EtOH 5	9
FBgn0037972	larva L3, Rotenone 2μg	11
FBgn0037972	larva L3, Rotenone 8μg	7
FBgn0037972	leg disc CME L1	2
FBgn0037972	mixed discs ML-DmD4-c1	1
FBgn0037972	ovary OSC	2
FBgn0037972	ovary OSS	1
FBgn0037972	ovary fGS/OSS	1
FBgn0037972	tumorous blood cells mbn2	0
FBgn0037972	white prepupae new	40
FBgn0037972	wing disc CME-W2	9
FBgn0037972	wing disc ML-DmD16-c3	24
FBgn0037972	wing disc ML-DmD21	0
FBgn0037972	wing disc ML-DmD32	2
FBgn0037972	wing disc ML-DmD8	0
FBgn0037972	wing disc ML-DmD9	0
FBgn0036461	4-day Adult, Caffeine 2.5mg/ml	5
FBgn0036461	4-day Adult, Caffeine 25mg/ml	2
FBgn0036461	4-day Adult, Cd 0.05M	8
FBgn0036461	4-day Adult, Cd 0.1M	1
FBgn0036461	4-day Adult, Cu 15mM	2
FBgn0036461	4-day Adult, Paraquat 10mM	7
FBgn0036461	4-day Adult, Paraquat 5mM	4
FBgn0036461	4-day Adult, Zn 4.5mM	5
FBgn0036461	4-day Adult, cold 1	3
FBgn0036461	4-day Adult, cold 2	4
FBgn0036461	4-day Adult, heatshock	6
FBgn0036461	A 1d carcass	3
FBgn0036461	A 1d dig sys	32
FBgn0036461	A 20d carcass	2
FBgn0036461	A 20d dig sys	21
FBgn0036461	A 4d carcass	2
FBgn0036461	A 4d dig sys	20
FBgn0036461	A MateF 1d head	4
FBgn0036461	A MateF 20d head	2
FBgn0036461	A MateF 4d head	2
FBgn0036461	A MateF 4d ovary	0
FBgn0036461	A MateM 1d head	6
FBgn0036461	A MateM 20d head	4
FBgn0036461	A MateM 4d acc gland	1
FBgn0036461	A MateM 4d head	4
FBgn0036461	A MateM 4d testis	6
FBgn0036461	A VirF 1d head	5
FBgn0036461	A VirF 20d head	3
FBgn0036461	A VirF 4d head	2
FBgn0036461	A VirF 4d ovary	0
FBgn0036461	CNS ML-DmBG1-c1	0
FBgn0036461	CNS ML-DmBG2-c2	0
FBgn0036461	L3 CNS	2
FBgn0036461	L3 Wand carcass	7
FBgn0036461	L3 Wand dig sys	60
FBgn0036461	L3 Wand fat	0
FBgn0036461	L3 Wand imag disc	2
FBgn0036461	L3 Wand saliv	4
FBgn0036461	P15	17
FBgn0036461	P5	24
FBgn0036461	P6	8
FBgn0036461	P8	4
FBgn0036461	P8 CNS	1
FBgn0036461	P8 fat	1
FBgn0036461	P9-10	6
FBgn0036461	Schneider line 2 S2R+	0
FBgn0036461	Schneider line 2 Sg4	1
FBgn0036461	WPP fat	3
FBgn0036461	WPP saliv	1
FBgn0036461	adult female 01day	7
FBgn0036461	adult female 05day	4
FBgn0036461	adult female 30day	4
FBgn0036461	adult male 01day	13
FBgn0036461	adult male 05day	10
FBgn0036461	adult male 30day	10
FBgn0036461	antennal disc ML-DmD20-c5	4
FBgn0036461	embryo 00-02hr	0
FBgn0036461	embryo 02-04hr	1
FBgn0036461	embryo 04-06hr	4
FBgn0036461	embryo 06-08hr	1
FBgn0036461	embryo 08-10hr	1
FBgn0036461	embryo 10-12hr	2
FBgn0036461	embryo 12-14hr	4
FBgn0036461	embryo 14-16hr	4
FBgn0036461	embryo 16-18hr	8
FBgn0036461	embryo 18-20hr	4
FBgn0036461	embryo 20-22hr	9
FBgn0036461	embryo 22-24hr	10
FBgn0036461	embryonic 1182-4H	0
FBgn0036461	embryonic GM2	0
FBgn0036461	embryonic Kc167	0
FBgn0036461	embryonic S1	0
FBgn0036461	embryonic S3	0
FBgn0036461	eye-antennal disc ML-DmD11	0
FBgn0036461	haltere disc ML-DmD17-c3	0
FBgn0036461	larva L1	6
FBgn0036461	larva L2	9
FBgn0036461	larva L3 12hr old	11
FBgn0036461	larva L3 late, Zn 5mM	4
FBgn0036461	larva L3 puffstage 1-2	13
FBgn0036461	larva L3 puffstage 3-6	19
FBgn0036461	larva L3 puffstage 7-9	33
FBgn0036461	larva L3, Caffeine 1.5mg/ml	20
FBgn0036461	larva L3, Cd 12hr	23
FBgn0036461	larva L3, Cd 6hr	9
FBgn0036461	larva L3, Cu 0.5mM	2
FBgn0036461	larva L3, EtOH 10	10
FBgn0036461	larva L3, EtOH 2.5	2
FBgn0036461	larva L3, EtOH 5	16
FBgn0036461	larva L3, Rotenone 2μg	18
FBgn0036461	larva L3, Rotenone 8μg	7
FBgn0036461	leg disc CME L1	1
FBgn0036461	mixed discs ML-DmD4-c1	1
FBgn0036461	ovary OSC	0
FBgn0036461	ovary OSS	0
FBgn0036461	ovary fGS/OSS	0
FBgn0036461	tumorous blood cells mbn2	1
FBgn0036461	white prepupae new	25
FBgn0036461	wing disc CME-W2	0
FBgn0036461	wing disc ML-DmD16-c3	0
FBgn0036461	wing disc ML-DmD21	0
FBgn0036461	wing disc ML-DmD32	6
FBgn0036461	wing disc ML-DmD8	0
FBgn0036461	wing disc ML-DmD9	1
FBgn0260744	4-day Adult, Caffeine 2.5mg/ml	21
FBgn0260744	4-day Adult, Caffeine 25mg/ml	11
FBgn0260744	4-day Adult, Cd 0.05M	22
FBgn0260744	4-day Adult, Cd 0.1M	17
FBgn0260744	4-day Adult, Cu 15mM	15
FBgn0260744	4-day Adult, Paraquat 10mM	40
FBgn0260744	4-day Adult, Paraquat 5mM	25
FBgn0260744	4-day Adult, Zn 4.5mM	16
FBgn0260744	4-day Adult, cold 1	17
FBgn0260744	4-day Adult, cold 2	13
FBgn0260744	4-day Adult, heatshock	21
FBgn0260744	A 1d carcass	11
FBgn0260744	A 1d dig sys	21
FBgn0260744	A 20d carcass	19
FBgn0260744	A 20d dig sys	26
FBgn0260744	A 4d carcass	15
FBgn0260744	A 4d dig sys	18
FBgn0260744	A MateF 1d head	13
FBgn0260744	A MateF 20d head	29
FBgn0260744	A MateF 4d head	25
FBgn0260744	A MateF 4d ovary	16
FBgn0260744	A MateM 1d head	25
FBgn0260744	A MateM 20d head	60
FBgn0260744	A MateM 4d acc gland	11
FBgn0260744	A MateM 4d head	37
FBgn0260744	A MateM 4d testis	16
FBgn0260744	A VirF 1d head	17
FBgn0260744	A VirF 20d head	42
FBgn0260744	A VirF 4d head	22
FBgn0260744	A VirF 4d ovary	21
FBgn0260744	CNS ML-DmBG1-c1	25
FBgn0260744	CNS ML-DmBG2-c2	39
FBgn0260744	L3 CNS	17
FBgn0260744	L3 Wand carcass	28
FBgn0260744	L3 Wand dig sys	61
FBgn0260744	L3 Wand fat	57
FBgn0260744	L3 Wand imag disc	15
FBgn0260744	L3 Wand saliv	46
FBgn0260744	P15	30
FBgn0260744	P5	143
FBgn0260744	P6	77
FBgn0260744	P8	50
FBgn0260744	P8 CNS	13
FBgn0260744	P8 fat	74
FBgn0260744	P9-10	27
FBgn0260744	Schneider line 2 S2R+	70
FBgn0260744	Schneider line 2 Sg4	32
FBgn0260744	WPP fat	120
FBgn0260744	WPP saliv	75
FBgn0260744	adult female 01day	38
FBgn0260744	adult female 05day	40
FBgn0260744	adult female 30day	43
FBgn0260744	adult male 01day	38
FBgn0260744	adult male 05day	46
FBgn0260744	adult male 30day	50
FBgn0260744	antennal disc ML-DmD20-c5	38
FBgn0260744	embryo 00-02hr	49
FBgn0260744	embryo 02-04hr	12
FBgn0260744	embryo 04-06hr	12
FBgn0260744	embryo 06-08hr	8
FBgn0260744	embryo 08-10hr	10
FBgn0260744	embryo 10-12hr	9
FBgn0260744	embryo 12-14hr	6
FBgn0260744	embryo 14-16hr	4
FBgn0260744	embryo 16-18hr	5
FBgn0260744	embryo 18-20hr	6
FBgn0260744	embryo 20-22hr	6
FBgn0260744	embryo 22-24hr	7
FBgn0260744	embryonic 1182-4H	18
FBgn0260744	embryonic GM2	22
FBgn0260744	embryonic Kc167	38
FBgn0260744	embryonic S1	29
FBgn0260744	embryonic S3	15
FBgn0260744	eye-antennal disc ML-DmD11	21
FBgn0260744	haltere disc ML-DmD17-c3	44
FBgn0260744	larva L1	8
FBgn0260744	larva L2	9
FBgn0260744	larva L3 12hr old	14
FBgn0260744	larva L3 late, Zn 5mM	8
FBgn0260744	larva L3 puffstage 1-2	67
FBgn0260744	larva L3 puffstage 3-6	98
FBgn0260744	larva L3 puffstage 7-9	121
FBgn0260744	larva L3, Caffeine 1.5mg/ml	30
FBgn0260744	larva L3, Cd 12hr	59
FBgn0260744	larva L3, Cd 6hr	25
FBgn0260744	larva L3, Cu 0.5mM	20
FBgn0260744	larva L3, EtOH 10	23
FBgn0260744	larva L3, EtOH 2.5	28
FBgn0260744	larva L3, EtOH 5	28
FBgn0260744	larva L3, Rotenone 2μg	26
FBgn0260744	larva L3, Rotenone 8μg	15
FBgn0260744	leg disc CME L1	15
FBgn0260744	mixed discs ML-DmD4-c1	20
FBgn0260744	ovary OSC	6
FBgn0260744	ovary OSS	4
FBgn0260744	ovary fGS/OSS	13
FBgn0260744	tumorous blood cells mbn2	19
FBgn0260744	white prepupae new	122
FBgn0260744	wing disc CME-W2	31
FBgn0260744	wing disc ML-DmD16-c3	16
FBgn0260744	wing disc ML-DmD21	22
FBgn0260744	wing disc ML-DmD32	20
FBgn0260744	wing disc ML-DmD8	34
FBgn0260744	wing disc ML-DmD9	21
FBgn0026400	4-day Adult, Caffeine 2.5mg/ml	97
FBgn0026400	4-day Adult, Caffeine 25mg/ml	84
FBgn0026400	4-day Adult, Cd 0.05M	80
FBgn0026400	4-day Adult, Cd 0.1M	121
FBgn0026400	4-day Adult, Cu 15mM	154
FBgn0026400	4-day Adult, Paraquat 10mM	84
FBgn0026400	4-day Adult, Paraquat 5mM	88
FBgn0026400	4-day Adult, Zn 4.5mM	83
FBgn0026400	4-day Adult, cold 1	79
FBgn0026400	4-day Adult, cold 2	43
FBgn0026400	4-day Adult, heatshock	89
FBgn0026400	A 1d carcass	27
FBgn0026400	A 1d dig sys	35
FBgn0026400	A 20d carcass	22
FBgn0026400	A 20d dig sys	31
FBgn0026400	A 4d carcass	43
FBgn0026400	A 4d dig sys	49
FBgn0026400	A MateF 1d head	26
FBgn0026400	A MateF 20d head	17
FBgn0026400	A MateF 4d head	52
FBgn0026400	A MateF 4d ovary	171
FBgn0026400	A MateM 1d head	33
FBgn0026400	A MateM 20d head	54
FBgn0026400	A MateM 4d acc gland	34
FBgn0026400	A MateM 4d head	53
FBgn0026400	A MateM 4d testis	181
FBgn0026400	A VirF 1d head	28
FBgn0026400	A VirF 20d head	12
FBgn0026400	A VirF 4d head	37
FBgn0026400	A VirF 4d ovary	104
FBgn0026400	CNS ML-DmBG1-c1	101
FBgn0026400	CNS ML-DmBG2-c2	48
FBgn0026400	L3 CNS	52
FBgn0026400	L3 Wand carcass	41
FBgn0026400	L3 Wand dig sys	29
FBgn0026400	L3 Wand fat	25
FBgn0026400	L3 Wand imag disc	60
FBgn0026400	L3 Wand saliv	29
FBgn0026400	P15	28
FBgn0026400	P5	32
FBgn0026400	P6	37
FBgn0026400	P8	36
FBgn0026400	P8 CNS	37
FBgn0026400	P8 fat	62
FBgn0026400	P9-10	29
FBgn0026400	Schneider line 2 S2R+	141
FBgn0026400	Schneider line 2 Sg4	86
FBgn0026400	WPP fat	30
FBgn0026400	WPP saliv	16
FBgn0026400	adult female 01day	46
FBgn0026400	adult female 05day	64
FBgn0026400	adult female 30day	66
FBgn0026400	adult male 01day	33
FBgn0026400	adult male 05day	39
FBgn0026400	adult male 30day	40
FBgn0026400	antennal disc ML-DmD20-c5	64
FBgn0026400	embryo 00-02hr	112
FBgn0026400	embryo 02-04hr	109
FBgn0026400	embryo 04-06hr	63
FBgn0026400	embryo 06-08hr	54
FBgn0026400	embryo 08-10hr	71
FBgn0026400	embryo 10-12hr	72
FBgn0026400	embryo 12-14hr	50
FBgn0026400	embryo 14-16hr	42
FBgn0026400	embryo 16-18hr	31
FBgn0026400	embryo 18-20hr	23
FBgn0026400	embryo 20-22hr	25
FBgn0026400	embryo 22-24hr	27
FBgn0026400	embryonic 1182-4H	71
FBgn0026400	embryonic GM2	61
FBgn0026400	embryonic Kc167	121
FBgn0026400	embryonic S1	57
FBgn0026400	embryonic S3	84
FBgn0026400	eye-antennal disc ML-DmD11	62
FBgn0026400	haltere disc ML-DmD17-c3	53
FBgn0026400	larva L1	43
FBgn0026400	larva L2	38
FBgn0026400	larva L3 12hr old	31
FBgn0026400	larva L3 late, Zn 5mM	72
FBgn0026400	larva L3 puffstage 1-2	27
FBgn0026400	larva L3 puffstage 3-6	27
FBgn0026400	larva L3 puffstage 7-9	34
FBgn0026400	larva L3, Caffeine 1.5mg/ml	26
FBgn0026400	larva L3, Cd 12hr	42
FBgn0026400	larva L3, Cd 6hr	52
FBgn0026400	larva L3, Cu 0.5mM	124
FBgn0026400	larva L3, EtOH 10	52
FBgn0026400	larva L3, EtOH 2.5	88
FBgn0026400	larva L3, EtOH 5	32
FBgn0026400	larva L3, Rotenone 2μg	39
FBgn0026400	larva L3, Rotenone 8μg	35
FBgn0026400	leg disc CME L1	95
FBgn0026400	mixed discs ML-DmD4-c1	94
FBgn0026400	ovary OSC	77
FBgn0026400	ovary OSS	68
FBgn0026400	ovary fGS/OSS	114
FBgn0026400	tumorous blood cells mbn2	116
FBgn0026400	white prepupae new	32
FBgn0026400	wing disc CME-W2	66
FBgn0026400	wing disc ML-DmD16-c3	82
FBgn0026400	wing disc ML-DmD21	92
FBgn0026400	wing disc ML-DmD32	53
FBgn0026400	wing disc ML-DmD8	73
FBgn0026400	wing disc ML-DmD9	90
FBgn0039590	4-day Adult, Caffeine 2.5mg/ml	6
FBgn0039590	4-day Adult, Caffeine 25mg/ml	5
FBgn0039590	4-day Adult, Cd 0.05M	4
FBgn0039590	4-day Adult, Cd 0.1M	8
FBgn0039590	4-day Adult, Cu 15mM	7
FBgn0039590	4-day Adult, Paraquat 10mM	8
FBgn0039590	4-day Adult, Paraquat 5mM	6
FBgn0039590	4-day Adult, Zn 4.5mM	7
FBgn0039590	4-day Adult, cold 1	7
FBgn0039590	4-day Adult, cold 2	6
FBgn0039590	4-day Adult, heatshock	3
FBgn0039590	A 1d carcass	4
FBgn0039590	A 1d dig sys	2
FBgn0039590	A 20d carcass	3
FBgn0039590	A 20d dig sys	4
FBgn0039590	A 4d carcass	4
FBgn0039590	A 4d dig sys	3
FBgn0039590	A MateF 1d head	13
FBgn0039590	A MateF 20d head	9
FBgn0039590	A MateF 4d head	12
FBgn0039590	A MateF 4d ovary	5
FBgn0039590	A MateM 1d head	21
FBgn0039590	A MateM 20d head	19
FBgn0039590	A MateM 4d acc gland	3
FBgn0039590	A MateM 4d head	20
FBgn0039590	A MateM 4d testis	2
FBgn0039590	A VirF 1d head	13
FBgn0039590	A VirF 20d head	10
FBgn0039590	A VirF 4d head	14
FBgn0039590	A VirF 4d ovary	6
FBgn0039590	CNS ML-DmBG1-c1	7
FBgn0039590	CNS ML-DmBG2-c2	5
FBgn0039590	L3 CNS	34
FBgn0039590	L3 Wand carcass	11
FBgn0039590	L3 Wand dig sys	10
FBgn0039590	L3 Wand fat	1
FBgn0039590	L3 Wand imag disc	14
FBgn0039590	L3 Wand saliv	0
FBgn0039590	P15	4
FBgn0039590	P5	15
FBgn0039590	P6	17
FBgn0039590	P8	14
FBgn0039590	P8 CNS	40
FBgn0039590	P8 fat	15
FBgn0039590	P9-10	10
FBgn0039590	Schneider line 2 S2R+	14
FBgn0039590	Schneider line 2 Sg4	2
FBgn0039590	WPP fat	11
FBgn0039590	WPP saliv	4
FBgn0039590	adult female 01day	5
FBgn0039590	adult female 05day	5
FBgn0039590	adult female 30day	5
FBgn0039590	adult male 01day	7
FBgn0039590	adult male 05day	8
FBgn0039590	adult male 30day	8
FBgn0039590	antennal disc ML-DmD20-c5	3
FBgn0039590	embryo 00-02hr	9
FBgn0039590	embryo 02-04hr	13
FBgn0039590	embryo 04-06hr	29
FBgn0039590	embryo 06-08hr	24
FBgn0039590	embryo 08-10hr	20
FBgn0039590	embryo 10-12hr	12
FBgn0039590	embryo 12-14hr	19
FBgn0039590	embryo 14-16hr	20
FBgn0039590	embryo 16-18hr	13
FBgn0039590	embryo 18-20hr	9
FBgn0039590	embryo 20-22hr	5
FBgn0039590	embryo 22-24hr	6
FBgn0039590	embryonic 1182-4H	7
FBgn0039590	embryonic GM2	8
FBgn0039590	embryonic Kc167	3
FBgn0039590	embryonic S1	4
FBgn0039590	embryonic S3	2
FBgn0039590	eye-antennal disc ML-DmD11	4
FBgn0039590	haltere disc ML-DmD17-c3	17
FBgn0039590	larva L1	6
FBgn0039590	larva L2	3
FBgn0039590	larva L3 12hr old	2
FBgn0039590	larva L3 late, Zn 5mM	3
FBgn0039590	larva L3 puffstage 1-2	2
FBgn0039590	larva L3 puffstage 3-6	6
FBgn0039590	larva L3 puffstage 7-9	9
FBgn0039590	larva L3, Caffeine 1.5mg/ml	2
FBgn0039590	larva L3, Cd 12hr	2
FBgn0039590	larva L3, Cd 6hr	1
FBgn0039590	larva L3, Cu 0.5mM	1
FBgn0039590	larva L3, EtOH 10	1
FBgn0039590	larva L3, EtOH 2.5	8
FBgn0039590	larva L3, EtOH 5	1
FBgn0039590	larva L3, Rotenone 2μg	1
FBgn0039590	larva L3, Rotenone 8μg	1
FBgn0039590	leg disc CME L1	3
FBgn0039590	mixed discs ML-DmD4-c1	10
FBgn0039590	ovary OSC	13
FBgn0039590	ovary OSS	11
FBgn0039590	ovary fGS/OSS	16
FBgn0039590	tumorous blood cells mbn2	26
FBgn0039590	white prepupae new	14
FBgn0039590	wing disc CME-W2	3
FBgn0039590	wing disc ML-DmD16-c3	19
FBgn0039590	wing disc ML-DmD21	3
FBgn0039590	wing disc ML-DmD32	2
FBgn0039590	wing disc ML-DmD8	10
FBgn0039590	wing disc ML-DmD9	5
FBgn0038012	4-day Adult, Caffeine 2.5mg/ml	1
FBgn0038012	4-day Adult, Caffeine 25mg/ml	1
FBgn0038012	4-day Adult, Cd 0.05M	2
FBgn0038012	4-day Adult, Cd 0.1M	3
FBgn0038012	4-day Adult, Cu 15mM	0
FBgn0038012	4-day Adult, Paraquat 10mM	3
FBgn0038012	4-day Adult, Paraquat 5mM	2
FBgn0038012	4-day Adult, Zn 4.5mM	1
FBgn0038012	4-day Adult, cold 1	0
FBgn0038012	4-day Adult, cold 2	1
FBgn0038012	4-day Adult, heatshock	2
FBgn0038012	A 1d carcass	0
FBgn0038012	A 1d dig sys	0
FBgn0038012	A 20d carcass	0
FBgn0038012	A 20d dig sys	0
FBgn0038012	A 4d carcass	0
FBgn0038012	A 4d dig sys	0
FBgn0038012	A MateF 1d head	0
FBgn0038012	A MateF 20d head	0
FBgn0038012	A MateF 4d head	0
FBgn0038012	A MateF 4d ovary	4
FBgn0038012	A MateM 1d head	0
FBgn0038012	A MateM 20d head	0
FBgn0038012	A MateM 4d acc gland	1
FBgn0038012	A MateM 4d head	0
FBgn0038012	A MateM 4d testis	9
FBgn0038012	A VirF 1d head	0
FBgn0038012	A VirF 20d head	0
FBgn0038012	A VirF 4d head	0
FBgn0038012	A VirF 4d ovary	6
FBgn0038012	CNS ML-DmBG1-c1	0
FBgn0038012	CNS ML-DmBG2-c2	0
FBgn0038012	L3 CNS	0
FBgn0038012	L3 Wand carcass	0
FBgn0038012	L3 Wand dig sys	0
FBgn0038012	L3 Wand fat	0
FBgn0038012	L3 Wand imag disc	15
FBgn0038012	L3 Wand saliv	0
FBgn0038012	P15	2
FBgn0038012	P5	3
FBgn0038012	P6	4
FBgn0038012	P8	5
FBgn0038012	P8 CNS	0
FBgn0038012	P8 fat	0
FBgn0038012	P9-10	3
FBgn0038012	Schneider line 2 S2R+	0
FBgn0038012	Schneider line 2 Sg4	0
FBgn0038012	WPP fat	1
FBgn0038012	WPP saliv	0
FBgn0038012	adult female 01day	2
FBgn0038012	adult female 05day	5
FBgn0038012	adult female 30day	4
FBgn0038012	adult male 01day	4
FBgn0038012	adult male 05day	7
FBgn0038012	adult male 30day	6
FBgn0038012	antennal disc ML-DmD20-c5	0
FBgn0038012	embryo 00-02hr	11
FBgn0038012	embryo 02-04hr	14
FBgn0038012	embryo 04-06hr	8
FBgn0038012	embryo 06-08hr	2
FBgn0038012	embryo 08-10hr	2
FBgn0038012	embryo 10-12hr	1
FBgn0038012	embryo 12-14hr	2
FBgn0038012	embryo 14-16hr	3
FBgn0038012	embryo 16-18hr	2
FBgn0038012	embryo 18-20hr	1
FBgn0038012	embryo 20-22hr	3
FBgn0038012	embryo 22-24hr	3
FBgn0038012	embryonic 1182-4H	0
FBgn0038012	embryonic GM2	0
FBgn0038012	embryonic Kc167	0
FBgn0038012	embryonic S1	0
FBgn0038012	embryonic S3	0
FBgn0038012	eye-antennal disc ML-DmD11	0
FBgn0038012	haltere disc ML-DmD17-c3	0
FBgn0038012	larva L1	0
FBgn0038012	larva L2	0
FBgn0038012	larva L3 12hr old	1
FBgn0038012	larva L3 late, Zn 5mM	0
FBgn0038012	larva L3 puffstage 1-2	2
FBgn0038012	larva L3 puffstage 3-6	2
FBgn0038012	larva L3 puffstage 7-9	3
FBgn0038012	larva L3, Caffeine 1.5mg/ml	1
FBgn0038012	larva L3, Cd 12hr	1
FBgn0038012	larva L3, Cd 6hr	1
FBgn0038012	larva L3, Cu 0.5mM	0
FBgn0038012	larva L3, EtOH 10	1
FBgn0038012	larva L3, EtOH 2.5	3
FBgn0038012	larva L3, EtOH 5	1
FBgn0038012	larva L3, Rotenone 2μg	1
FBgn0038012	larva L3, Rotenone 8μg	1
FBgn0038012	leg disc CME L1	0
FBgn0038012	mixed discs ML-DmD4-c1	0
FBgn0038012	ovary OSC	0
FBgn0038012	ovary OSS	0
FBgn0038012	ovary fGS/OSS	0
FBgn0038012	tumorous blood cells mbn2	1
FBgn0038012	white prepupae new	3
FBgn0038012	wing disc CME-W2	0
FBgn0038012	wing disc ML-DmD16-c3	0
FBgn0038012	wing disc ML-DmD21	0
FBgn0038012	wing disc ML-DmD32	0
FBgn0038012	wing disc ML-DmD8	0
FBgn0038012	wing disc ML-DmD9	0
FBgn0038000	4-day Adult, Caffeine 2.5mg/ml	2
FBgn0038000	4-day Adult, Caffeine 25mg/ml	3
FBgn0038000	4-day Adult, Cd 0.05M	3
FBgn0038000	4-day Adult, Cd 0.1M	4
FBgn0038000	4-day Adult, Cu 15mM	2
FBgn0038000	4-day Adult, Paraquat 10mM	12
FBgn0038000	4-day Adult, Paraquat 5mM	12
FBgn0038000	4-day Adult, Zn 4.5mM	10
FBgn0038000	4-day Adult, cold 1	4
FBgn0038000	4-day Adult, cold 2	2
FBgn0038000	4-day Adult, heatshock	4
FBgn0038000	A 1d carcass	0
FBgn0038000	A 1d dig sys	1
FBgn0038000	A 20d carcass	1
FBgn0038000	A 20d dig sys	1
FBgn0038000	A 4d carcass	0
FBgn0038000	A 4d dig sys	0
FBgn0038000	A MateF 1d head	0
FBgn0038000	A MateF 20d head	0
FBgn0038000	A MateF 4d head	0
FBgn0038000	A MateF 4d ovary	0
FBgn0038000	A MateM 1d head	0
FBgn0038000	A MateM 20d head	0
FBgn0038000	A MateM 4d acc gland	15
FBgn0038000	A MateM 4d head	0
FBgn0038000	A MateM 4d testis	201
FBgn0038000	A VirF 1d head	0
FBgn0038000	A VirF 20d head	0
FBgn0038000	A VirF 4d head	0
FBgn0038000	A VirF 4d ovary	0
FBgn0038000	CNS ML-DmBG1-c1	0
FBgn0038000	CNS ML-DmBG2-c2	0
FBgn0038000	L3 CNS	0
FBgn0038000	L3 Wand carcass	0
FBgn0038000	L3 Wand dig sys	1
FBgn0038000	L3 Wand fat	0
FBgn0038000	L3 Wand imag disc	37
FBgn0038000	L3 Wand saliv	0
FBgn0038000	P15	24
FBgn0038000	P5	18
FBgn0038000	P6	27
FBgn0038000	P8	32
FBgn0038000	P8 CNS	0
FBgn0038000	P8 fat	18
FBgn0038000	P9-10	30
FBgn0038000	Schneider line 2 S2R+	0
FBgn0038000	Schneider line 2 Sg4	0
FBgn0038000	WPP fat	8
FBgn0038000	WPP saliv	4
FBgn0038000	adult female 01day	0
FBgn0038000	adult female 05day	0
FBgn0038000	adult female 30day	0
FBgn0038000	adult male 01day	41
FBgn0038000	adult male 05day	59
FBgn0038000	adult male 30day	51
FBgn0038000	antennal disc ML-DmD20-c5	0
FBgn0038000	embryo 00-02hr	0
FBgn0038000	embryo 02-04hr	0
FBgn0038000	embryo 04-06hr	0
FBgn0038000	embryo 06-08hr	0
FBgn0038000	embryo 08-10hr	0
FBgn0038000	embryo 10-12hr	0
FBgn0038000	embryo 12-14hr	0
FBgn0038000	embryo 14-16hr	0
FBgn0038000	embryo 16-18hr	0
FBgn0038000	embryo 18-20hr	0
FBgn0038000	embryo 20-22hr	0
FBgn0038000	embryo 22-24hr	0
FBgn0038000	embryonic 1182-4H	0
FBgn0038000	embryonic GM2	0
FBgn0038000	embryonic Kc167	0
FBgn0038000	embryonic S1	0
FBgn0038000	embryonic S3	0
FBgn0038000	eye-antennal disc ML-DmD11	0
FBgn0038000	haltere disc ML-DmD17-c3	0
FBgn0038000	larva L1	0
FBgn0038000	larva L2	0
FBgn0038000	larva L3 12hr old	0
FBgn0038000	larva L3 late, Zn 5mM	1
FBgn0038000	larva L3 puffstage 1-2	4
FBgn0038000	larva L3 puffstage 3-6	9
FBgn0038000	larva L3 puffstage 7-9	10
FBgn0038000	larva L3, Caffeine 1.5mg/ml	1
FBgn0038000	larva L3, Cd 12hr	3
FBgn0038000	larva L3, Cd 6hr	3
FBgn0038000	larva L3, Cu 0.5mM	2
FBgn0038000	larva L3, EtOH 10	1
FBgn0038000	larva L3, EtOH 2.5	8
FBgn0038000	larva L3, EtOH 5	1
FBgn0038000	larva L3, Rotenone 2μg	1
FBgn0038000	larva L3, Rotenone 8μg	1
FBgn0038000	leg disc CME L1	0
FBgn0038000	mixed discs ML-DmD4-c1	0
FBgn0038000	ovary OSC	0
FBgn0038000	ovary OSS	0
FBgn0038000	ovary fGS/OSS	0
FBgn0038000	tumorous blood cells mbn2	0
FBgn0038000	white prepupae new	9
FBgn0038000	wing disc CME-W2	0
FBgn0038000	wing disc ML-DmD16-c3	0
FBgn0038000	wing disc ML-DmD21	0
FBgn0038000	wing disc ML-DmD32	0
FBgn0038000	wing disc ML-DmD8	0
FBgn0038000	wing disc ML-DmD9	0
FBgn0024244	4-day Adult, Caffeine 2.5mg/ml	4
FBgn0024244	4-day Adult, Caffeine 25mg/ml	4
FBgn0024244	4-day Adult, Cd 0.05M	7
FBgn0024244	4-day Adult, Cd 0.1M	8
FBgn0024244	4-day Adult, Cu 15mM	3
FBgn0024244	4-day Adult, Paraquat 10mM	6
FBgn0024244	4-day Adult, Paraquat 5mM	4
FBgn0024244	4-day Adult, Zn 4.5mM	5
FBgn0024244	4-day Adult, cold 1	4
FBgn0024244	4-day Adult, cold 2	4
FBgn0024244	4-day Adult, heatshock	5
FBgn0024244	A 1d carcass	3
FBgn0024244	A 1d dig sys	10
FBgn0024244	A 20d carcass	4
FBgn0024244	A 20d dig sys	9
FBgn0024244	A 4d carcass	5
FBgn0024244	A 4d dig sys	10
FBgn0024244	A MateF 1d head	3
FBgn0024244	A MateF 20d head	2
FBgn0024244	A MateF 4d head	2
FBgn0024244	A MateF 4d ovary	0
FBgn0024244	A MateM 1d head	5
FBgn0024244	A MateM 20d head	3
FBgn0024244	A MateM 4d acc gland	11
FBgn0024244	A MateM 4d head	3
FBgn0024244	A MateM 4d testis	2
FBgn0024244	A VirF 1d head	3
FBgn0024244	A VirF 20d head	1
FBgn0024244	A VirF 4d head	3
FBgn0024244	A VirF 4d ovary	0
FBgn0024244	CNS ML-DmBG1-c1	0
FBgn0024244	CNS ML-DmBG2-c2	0
FBgn0024244	L3 CNS	5
FBgn0024244	L3 Wand carcass	22
FBgn0024244	L3 Wand dig sys	16
FBgn0024244	L3 Wand fat	2
FBgn0024244	L3 Wand imag disc	25
FBgn0024244	L3 Wand saliv	0
FBgn0024244	P15	9
FBgn0024244	P5	51
FBgn0024244	P6	54
FBgn0024244	P8	39
FBgn0024244	P8 CNS	6
FBgn0024244	P8 fat	10
FBgn0024244	P9-10	12
FBgn0024244	Schneider line 2 S2R+	0
FBgn0024244	Schneider line 2 Sg4	0
FBgn0024244	WPP fat	11
FBgn0024244	WPP saliv	2
FBgn0024244	adult female 01day	6
FBgn0024244	adult female 05day	3
FBgn0024244	adult female 30day	3
FBgn0024244	adult male 01day	12
FBgn0024244	adult male 05day	13
FBgn0024244	adult male 30day	11
FBgn0024244	antennal disc ML-DmD20-c5	0
FBgn0024244	embryo 00-02hr	2
FBgn0024244	embryo 02-04hr	22
FBgn0024244	embryo 04-06hr	74
FBgn0024244	embryo 06-08hr	81
FBgn0024244	embryo 08-10hr	73
FBgn0024244	embryo 10-12hr	87
FBgn0024244	embryo 12-14hr	105
FBgn0024244	embryo 14-16hr	57
FBgn0024244	embryo 16-18hr	51
FBgn0024244	embryo 18-20hr	35
FBgn0024244	embryo 20-22hr	20
FBgn0024244	embryo 22-24hr	26
FBgn0024244	embryonic 1182-4H	0
FBgn0024244	embryonic GM2	0
FBgn0024244	embryonic Kc167	0
FBgn0024244	embryonic S1	0
FBgn0024244	embryonic S3	0
FBgn0024244	eye-antennal disc ML-DmD11	0
FBgn0024244	haltere disc ML-DmD17-c3	0
FBgn0024244	larva L1	17
FBgn0024244	larva L2	18
FBgn0024244	larva L3 12hr old	12
FBgn0024244	larva L3 late, Zn 5mM	6
FBgn0024244	larva L3 puffstage 1-2	12
FBgn0024244	larva L3 puffstage 3-6	19
FBgn0024244	larva L3 puffstage 7-9	30
FBgn0024244	larva L3, Caffeine 1.5mg/ml	7
FBgn0024244	larva L3, Cd 12hr	14
FBgn0024244	larva L3, Cd 6hr	7
FBgn0024244	larva L3, Cu 0.5mM	5
FBgn0024244	larva L3, EtOH 10	8
FBgn0024244	larva L3, EtOH 2.5	5
FBgn0024244	larva L3, EtOH 5	6
FBgn0024244	larva L3, Rotenone 2μg	8
FBgn0024244	larva L3, Rotenone 8μg	8
FBgn0024244	leg disc CME L1	0
FBgn0024244	mixed discs ML-DmD4-c1	0
FBgn0024244	ovary OSC	0
FBgn0024244	ovary OSS	0
FBgn0024244	ovary fGS/OSS	0
FBgn0024244	tumorous blood cells mbn2	0
FBgn0024244	white prepupae new	37
FBgn0024244	wing disc CME-W2	0
FBgn0024244	wing disc ML-DmD16-c3	0
FBgn0024244	wing disc ML-DmD21	0
FBgn0024244	wing disc ML-DmD32	0
FBgn0024244	wing disc ML-DmD8	0
FBgn0024244	wing disc ML-DmD9	0
FBgn0037338	4-day Adult, Caffeine 2.5mg/ml	40
FBgn0037338	4-day Adult, Caffeine 25mg/ml	12
FBgn0037338	4-day Adult, Cd 0.05M	14
FBgn0037338	4-day Adult, Cd 0.1M	46
FBgn0037338	4-day Adult, Cu 15mM	43
FBgn0037338	4-day Adult, Paraquat 10mM	17
FBgn0037338	4-day Adult, Paraquat 5mM	30
FBgn0037338	4-day Adult, Zn 4.5mM	6
FBgn0037338	4-day Adult, cold 1	9
FBgn0037338	4-day Adult, cold 2	5
FBgn0037338	4-day Adult, heatshock	13
FBgn0037338	A 1d carcass	2
FBgn0037338	A 1d dig sys	3
FBgn0037338	A 20d carcass	3
FBgn0037338	A 20d dig sys	2
FBgn0037338	A 4d carcass	5
FBgn0037338	A 4d dig sys	4
FBgn0037338	A MateF 1d head	3
FBgn0037338	A MateF 20d head	2
FBgn0037338	A MateF 4d head	2
FBgn0037338	A MateF 4d ovary	66
FBgn0037338	A MateM 1d head	3
FBgn0037338	A MateM 20d head	5
FBgn0037338	A MateM 4d acc gland	3
FBgn0037338	A MateM 4d head	4
FBgn0037338	A MateM 4d testis	3
FBgn0037338	A VirF 1d head	3
FBgn0037338	A VirF 20d head	2
FBgn0037338	A VirF 4d head	3
FBgn0037338	A VirF 4d ovary	68
FBgn0037338	CNS ML-DmBG1-c1	37
FBgn0037338	CNS ML-DmBG2-c2	16
FBgn0037338	L3 CNS	12
FBgn0037338	L3 Wand carcass	8
FBgn0037338	L3 Wand dig sys	4
FBgn0037338	L3 Wand fat	1
FBgn0037338	L3 Wand imag disc	10
FBgn0037338	L3 Wand saliv	0
FBgn0037338	P15	1
FBgn0037338	P5	4
FBgn0037338	P6	5
FBgn0037338	P8	2
FBgn0037338	P8 CNS	5
FBgn0037338	P8 fat	0
FBgn0037338	P9-10	1
FBgn0037338	Schneider line 2 S2R+	31
FBgn0037338	Schneider line 2 Sg4	16
FBgn0037338	WPP fat	3
FBgn0037338	WPP saliv	1
FBgn0037338	adult female 01day	7
FBgn0037338	adult female 05day	18
FBgn0037338	adult female 30day	19
FBgn0037338	adult male 01day	1
FBgn0037338	adult male 05day	2
FBgn0037338	adult male 30day	2
FBgn0037338	antennal disc ML-DmD20-c5	15
FBgn0037338	embryo 00-02hr	29
FBgn0037338	embryo 02-04hr	8
FBgn0037338	embryo 04-06hr	4
FBgn0037338	embryo 06-08hr	5
FBgn0037338	embryo 08-10hr	5
FBgn0037338	embryo 10-12hr	3
FBgn0037338	embryo 12-14hr	2
FBgn0037338	embryo 14-16hr	2
FBgn0037338	embryo 16-18hr	1
FBgn0037338	embryo 18-20hr	0
FBgn0037338	embryo 20-22hr	1
FBgn0037338	embryo 22-24hr	2
FBgn0037338	embryonic 1182-4H	14
FBgn0037338	embryonic GM2	26
FBgn0037338	embryonic Kc167	30
FBgn0037338	embryonic S1	11
FBgn0037338	embryonic S3	23
FBgn0037338	eye-antennal disc ML-DmD11	20
FBgn0037338	haltere disc ML-DmD17-c3	22
FBgn0037338	larva L1	1
FBgn0037338	larva L2	2
FBgn0037338	larva L3 12hr old	2
FBgn0037338	larva L3 late, Zn 5mM	1
FBgn0037338	larva L3 puffstage 1-2	2
FBgn0037338	larva L3 puffstage 3-6	3
FBgn0037338	larva L3 puffstage 7-9	4
FBgn0037338	larva L3, Caffeine 1.5mg/ml	3
FBgn0037338	larva L3, Cd 12hr	3
FBgn0037338	larva L3, Cd 6hr	2
FBgn0037338	larva L3, Cu 0.5mM	2
FBgn0037338	larva L3, EtOH 10	2
FBgn0037338	larva L3, EtOH 2.5	27
FBgn0037338	larva L3, EtOH 5	3
FBgn0037338	larva L3, Rotenone 2μg	3
FBgn0037338	larva L3, Rotenone 8μg	1
FBgn0037338	leg disc CME L1	20
FBgn0037338	mixed discs ML-DmD4-c1	20
FBgn0037338	ovary OSC	38
FBgn0037338	ovary OSS	13
FBgn0037338	ovary fGS/OSS	30
FBgn0037338	tumorous blood cells mbn2	26
FBgn0037338	white prepupae new	3
FBgn0037338	wing disc CME-W2	34
FBgn0037338	wing disc ML-DmD16-c3	25
FBgn0037338	wing disc ML-DmD21	9
FBgn0037338	wing disc ML-DmD32	27
FBgn0037338	wing disc ML-DmD8	21
FBgn0037338	wing disc ML-DmD9	16
FBgn0031568	4-day Adult, Caffeine 2.5mg/ml	0
FBgn0031568	4-day Adult, Caffeine 25mg/ml	1
FBgn0031568	4-day Adult, Cd 0.05M	1
FBgn0031568	4-day Adult, Cd 0.1M	1
FBgn0031568	4-day Adult, Cu 15mM	1
FBgn0031568	4-day Adult, Paraquat 10mM	0
FBgn0031568	4-day Adult, Paraquat 5mM	1
FBgn0031568	4-day Adult, Zn 4.5mM	1
FBgn0031568	4-day Adult, cold 1	1
FBgn0031568	4-day Adult, cold 2	1
FBgn0031568	4-day Adult, heatshock	0
FBgn0031568	A 1d carcass	1
FBgn0031568	A 1d dig sys	0
FBgn0031568	A 20d carcass	1
FBgn0031568	A 20d dig sys	0
FBgn0031568	A 4d carcass	1
FBgn0031568	A 4d dig sys	0
FBgn0031568	A MateF 1d head	2
FBgn0031568	A MateF 20d head	1
FBgn0031568	A MateF 4d head	1
FBgn0031568	A MateF 4d ovary	0
FBgn0031568	A MateM 1d head	2
FBgn0031568	A MateM 20d head	1
FBgn0031568	A MateM 4d acc gland	1
FBgn0031568	A MateM 4d head	2
FBgn0031568	A MateM 4d testis	0
FBgn0031568	A VirF 1d head	2
FBgn0031568	A VirF 20d head	1
FBgn0031568	A VirF 4d head	2
FBgn0031568	A VirF 4d ovary	0
FBgn0031568	CNS ML-DmBG1-c1	0
FBgn0031568	CNS ML-DmBG2-c2	0
FBgn0031568	L3 CNS	5
FBgn0031568	L3 Wand carcass	6
FBgn0031568	L3 Wand dig sys	0
FBgn0031568	L3 Wand fat	0
FBgn0031568	L3 Wand imag disc	0
FBgn0031568	L3 Wand saliv	0
FBgn0031568	P15	2
FBgn0031568	P5	2
FBgn0031568	P6	1
FBgn0031568	P8	11
FBgn0031568	P8 CNS	21
FBgn0031568	P8 fat	6
FBgn0031568	P9-10	2
FBgn0031568	Schneider line 2 S2R+	0
FBgn0031568	Schneider line 2 Sg4	0
FBgn0031568	WPP fat	1
FBgn0031568	WPP saliv	0
FBgn0031568	adult female 01day	0
FBgn0031568	adult female 05day	0
FBgn0031568	adult female 30day	0
FBgn0031568	adult male 01day	1
FBgn0031568	adult male 05day	1
FBgn0031568	adult male 30day	1
FBgn0031568	antennal disc ML-DmD20-c5	0
FBgn0031568	embryo 00-02hr	0
FBgn0031568	embryo 02-04hr	0
FBgn0031568	embryo 04-06hr	0
FBgn0031568	embryo 06-08hr	0
FBgn0031568	embryo 08-10hr	0
FBgn0031568	embryo 10-12hr	0
FBgn0031568	embryo 12-14hr	1
FBgn0031568	embryo 14-16hr	1
FBgn0031568	embryo 16-18hr	3
FBgn0031568	embryo 18-20hr	3
FBgn0031568	embryo 20-22hr	3
FBgn0031568	embryo 22-24hr	3
FBgn0031568	embryonic 1182-4H	0
FBgn0031568	embryonic GM2	0
FBgn0031568	embryonic Kc167	0
FBgn0031568	embryonic S1	0
FBgn0031568	embryonic S3	0
FBgn0031568	eye-antennal disc ML-DmD11	0
FBgn0031568	haltere disc ML-DmD17-c3	0
FBgn0031568	larva L1	3
FBgn0031568	larva L2	2
FBgn0031568	larva L3 12hr old	1
FBgn0031568	larva L3 late, Zn 5mM	1
FBgn0031568	larva L3 puffstage 1-2	0
FBgn0031568	larva L3 puffstage 3-6	1
FBgn0031568	larva L3 puffstage 7-9	2
FBgn0031568	larva L3, Caffeine 1.5mg/ml	0
FBgn0031568	larva L3, Cd 12hr	1
FBgn0031568	larva L3, Cd 6hr	0
FBgn0031568	larva L3, Cu 0.5mM	0
FBgn0031568	larva L3, EtOH 10	0
FBgn0031568	larva L3, EtOH 2.5	0
FBgn0031568	larva L3, EtOH 5	0
FBgn0031568	larva L3, Rotenone 2μg	0
FBgn0031568	larva L3, Rotenone 8μg	0
FBgn0031568	leg disc CME L1	0
FBgn0031568	mixed discs ML-DmD4-c1	0
FBgn0031568	ovary OSC	10
FBgn0031568	ovary OSS	1
FBgn0031568	ovary fGS/OSS	13
FBgn0031568	tumorous blood cells mbn2	0
FBgn0031568	white prepupae new	2
FBgn0031568	wing disc CME-W2	0
FBgn0031568	wing disc ML-DmD16-c3	0
FBgn0031568	wing disc ML-DmD21	0
FBgn0031568	wing disc ML-DmD32	0
FBgn0031568	wing disc ML-DmD8	0
FBgn0031568	wing disc ML-DmD9	0
FBgn0004893	4-day Adult, Caffeine 2.5mg/ml	5
FBgn0004893	4-day Adult, Caffeine 25mg/ml	6
FBgn0004893	4-day Adult, Cd 0.05M	11
FBgn0004893	4-day Adult, Cd 0.1M	3
FBgn0004893	4-day Adult, Cu 15mM	4
FBgn0004893	4-day Adult, Paraquat 10mM	8
FBgn0004893	4-day Adult, Paraquat 5mM	7
FBgn0004893	4-day Adult, Zn 4.5mM	9
FBgn0004893	4-day Adult, cold 1	6
FBgn0004893	4-day Adult, cold 2	6
FBgn0004893	4-day Adult, heatshock	9
FBgn0004893	A 1d carcass	4
FBgn0004893	A 1d dig sys	15
FBgn0004893	A 20d carcass	7
FBgn0004893	A 20d dig sys	15
FBgn0004893	A 4d carcass	4
FBgn0004893	A 4d dig sys	16
FBgn0004893	A MateF 1d head	3
FBgn0004893	A MateF 20d head	4
FBgn0004893	A MateF 4d head	4
FBgn0004893	A MateF 4d ovary	2
FBgn0004893	A MateM 1d head	5
FBgn0004893	A MateM 20d head	7
FBgn0004893	A MateM 4d acc gland	9
FBgn0004893	A MateM 4d head	7
FBgn0004893	A MateM 4d testis	4
FBgn0004893	A VirF 1d head	4
FBgn0004893	A VirF 20d head	4
FBgn0004893	A VirF 4d head	4
FBgn0004893	A VirF 4d ovary	1
FBgn0004893	CNS ML-DmBG1-c1	1
FBgn0004893	CNS ML-DmBG2-c2	0
FBgn0004893	L3 CNS	15
FBgn0004893	L3 Wand carcass	61
FBgn0004893	L3 Wand dig sys	15
FBgn0004893	L3 Wand fat	2
FBgn0004893	L3 Wand imag disc	105
FBgn0004893	L3 Wand saliv	5
FBgn0004893	P15	5
FBgn0004893	P5	30
FBgn0004893	P6	61
FBgn0004893	P8	25
FBgn0004893	P8 CNS	4
FBgn0004893	P8 fat	24
FBgn0004893	P9-10	8
FBgn0004893	Schneider line 2 S2R+	1
FBgn0004893	Schneider line 2 Sg4	10
FBgn0004893	WPP fat	9
FBgn0004893	WPP saliv	18
FBgn0004893	adult female 01day	4
FBgn0004893	adult female 05day	3
FBgn0004893	adult female 30day	3
FBgn0004893	adult male 01day	6
FBgn0004893	adult male 05day	6
FBgn0004893	adult male 30day	8
FBgn0004893	antennal disc ML-DmD20-c5	1
FBgn0004893	embryo 00-02hr	1
FBgn0004893	embryo 02-04hr	9
FBgn0004893	embryo 04-06hr	28
FBgn0004893	embryo 06-08hr	55
FBgn0004893	embryo 08-10hr	76
FBgn0004893	embryo 10-12hr	69
FBgn0004893	embryo 12-14hr	42
FBgn0004893	embryo 14-16hr	23
FBgn0004893	embryo 16-18hr	16
FBgn0004893	embryo 18-20hr	17
FBgn0004893	embryo 20-22hr	21
FBgn0004893	embryo 22-24hr	20
FBgn0004893	embryonic 1182-4H	1
FBgn0004893	embryonic GM2	11
FBgn0004893	embryonic Kc167	10
FBgn0004893	embryonic S1	5
FBgn0004893	embryonic S3	13
FBgn0004893	eye-antennal disc ML-DmD11	1
FBgn0004893	haltere disc ML-DmD17-c3	23
FBgn0004893	larva L1	15
FBgn0004893	larva L2	11
FBgn0004893	larva L3 12hr old	9
FBgn0004893	larva L3 late, Zn 5mM	13
FBgn0004893	larva L3 puffstage 1-2	13
FBgn0004893	larva L3 puffstage 3-6	23
FBgn0004893	larva L3 puffstage 7-9	31
FBgn0004893	larva L3, Caffeine 1.5mg/ml	10
FBgn0004893	larva L3, Cd 12hr	17
FBgn0004893	larva L3, Cd 6hr	16
FBgn0004893	larva L3, Cu 0.5mM	18
FBgn0004893	larva L3, EtOH 10	10
FBgn0004893	larva L3, EtOH 2.5	4
FBgn0004893	larva L3, EtOH 5	14
FBgn0004893	larva L3, Rotenone 2μg	11
FBgn0004893	larva L3, Rotenone 8μg	11
FBgn0004893	leg disc CME L1	8
FBgn0004893	mixed discs ML-DmD4-c1	1
FBgn0004893	ovary OSC	145
FBgn0004893	ovary OSS	33
FBgn0004893	ovary fGS/OSS	104
FBgn0004893	tumorous blood cells mbn2	24
FBgn0004893	white prepupae new	32
FBgn0004893	wing disc CME-W2	2
FBgn0004893	wing disc ML-DmD16-c3	1
FBgn0004893	wing disc ML-DmD21	38
FBgn0004893	wing disc ML-DmD32	13
FBgn0004893	wing disc ML-DmD8	0
FBgn0004893	wing disc ML-DmD9	16
FBgn0020440	4-day Adult, Caffeine 2.5mg/ml	11
FBgn0020440	4-day Adult, Caffeine 25mg/ml	3
FBgn0020440	4-day Adult, Cd 0.05M	6
FBgn0020440	4-day Adult, Cd 0.1M	12
FBgn0020440	4-day Adult, Cu 15mM	6
FBgn0020440	4-day Adult, Paraquat 10mM	6
FBgn0020440	4-day Adult, Paraquat 5mM	9
FBgn0020440	4-day Adult, Zn 4.5mM	5
FBgn0020440	4-day Adult, cold 1	3
FBgn0020440	4-day Adult, cold 2	2
FBgn0020440	4-day Adult, heatshock	6
FBgn0020440	A 1d carcass	4
FBgn0020440	A 1d dig sys	3
FBgn0020440	A 20d carcass	3
FBgn0020440	A 20d dig sys	3
FBgn0020440	A 4d carcass	4
FBgn0020440	A 4d dig sys	3
FBgn0020440	A MateF 1d head	5
FBgn0020440	A MateF 20d head	5
FBgn0020440	A MateF 4d head	5
FBgn0020440	A MateF 4d ovary	13
FBgn0020440	A MateM 1d head	10
FBgn0020440	A MateM 20d head	9
FBgn0020440	A MateM 4d acc gland	2
FBgn0020440	A MateM 4d head	8
FBgn0020440	A MateM 4d testis	2
FBgn0020440	A VirF 1d head	7
FBgn0020440	A VirF 20d head	7
FBgn0020440	A VirF 4d head	5
FBgn0020440	A VirF 4d ovary	20
FBgn0020440	CNS ML-DmBG1-c1	8
FBgn0020440	CNS ML-DmBG2-c2	11
FBgn0020440	L3 CNS	15
FBgn0020440	L3 Wand carcass	7
FBgn0020440	L3 Wand dig sys	5
FBgn0020440	L3 Wand fat	3
FBgn0020440	L3 Wand imag disc	7
FBgn0020440	L3 Wand saliv	5
FBgn0020440	P15	4
FBgn0020440	P5	11
FBgn0020440	P6	12
FBgn0020440	P8	11
FBgn0020440	P8 CNS	17
FBgn0020440	P8 fat	5
FBgn0020440	P9-10	8
FBgn0020440	Schneider line 2 S2R+	14
FBgn0020440	Schneider line 2 Sg4	5
FBgn0020440	WPP fat	11
FBgn0020440	WPP saliv	9
FBgn0020440	adult female 01day	7
FBgn0020440	adult female 05day	13
FBgn0020440	adult female 30day	12
FBgn0020440	adult male 01day	6
FBgn0020440	adult male 05day	6
FBgn0020440	adult male 30day	5
FBgn0020440	antennal disc ML-DmD20-c5	7
FBgn0020440	embryo 00-02hr	15
FBgn0020440	embryo 02-04hr	9
FBgn0020440	embryo 04-06hr	14
FBgn0020440	embryo 06-08hr	14
FBgn0020440	embryo 08-10hr	16
FBgn0020440	embryo 10-12hr	15
FBgn0020440	embryo 12-14hr	19
FBgn0020440	embryo 14-16hr	12
FBgn0020440	embryo 16-18hr	14
FBgn0020440	embryo 18-20hr	8
FBgn0020440	embryo 20-22hr	7
FBgn0020440	embryo 22-24hr	9
FBgn0020440	embryonic 1182-4H	7
FBgn0020440	embryonic GM2	13
FBgn0020440	embryonic Kc167	10
FBgn0020440	embryonic S1	5
FBgn0020440	embryonic S3	11
FBgn0020440	eye-antennal disc ML-DmD11	8
FBgn0020440	haltere disc ML-DmD17-c3	14
FBgn0020440	larva L1	8
FBgn0020440	larva L2	7
FBgn0020440	larva L3 12hr old	6
FBgn0020440	larva L3 late, Zn 5mM	1
FBgn0020440	larva L3 puffstage 1-2	6
FBgn0020440	larva L3 puffstage 3-6	8
FBgn0020440	larva L3 puffstage 7-9	11
FBgn0020440	larva L3, Caffeine 1.5mg/ml	6
FBgn0020440	larva L3, Cd 12hr	8
FBgn0020440	larva L3, Cd 6hr	4
FBgn0020440	larva L3, Cu 0.5mM	2
FBgn0020440	larva L3, EtOH 10	4
FBgn0020440	larva L3, EtOH 2.5	9
FBgn0020440	larva L3, EtOH 5	6
FBgn0020440	larva L3, Rotenone 2μg	6
FBgn0020440	larva L3, Rotenone 8μg	3
FBgn0020440	leg disc CME L1	6
FBgn0020440	mixed discs ML-DmD4-c1	7
FBgn0020440	ovary OSC	8
FBgn0020440	ovary OSS	3
FBgn0020440	ovary fGS/OSS	5
FBgn0020440	tumorous blood cells mbn2	23
FBgn0020440	white prepupae new	13
FBgn0020440	wing disc CME-W2	13
FBgn0020440	wing disc ML-DmD16-c3	7
FBgn0020440	wing disc ML-DmD21	3
FBgn0020440	wing disc ML-DmD32	5
FBgn0020440	wing disc ML-DmD8	10
FBgn0020440	wing disc ML-DmD9	5
FBgn0032785	4-day Adult, Caffeine 2.5mg/ml	4
FBgn0032785	4-day Adult, Caffeine 25mg/ml	3
FBgn0032785	4-day Adult, Cd 0.05M	18
FBgn0032785	4-day Adult, Cd 0.1M	4
FBgn0032785	4-day Adult, Cu 15mM	2
FBgn0032785	4-day Adult, Paraquat 10mM	7
FBgn0032785	4-day Adult, Paraquat 5mM	7
FBgn0032785	4-day Adult, Zn 4.5mM	4
FBgn0032785	4-day Adult, cold 1	5
FBgn0032785	4-day Adult, cold 2	5
FBgn0032785	4-day Adult, heatshock	17
FBgn0032785	A 1d carcass	9
FBgn0032785	A 1d dig sys	11
FBgn0032785	A 20d carcass	10
FBgn0032785	A 20d dig sys	11
FBgn0032785	A 4d carcass	10
FBgn0032785	A 4d dig sys	12
FBgn0032785	A MateF 1d head	4
FBgn0032785	A MateF 20d head	5
FBgn0032785	A MateF 4d head	5
FBgn0032785	A MateF 4d ovary	0
FBgn0032785	A MateM 1d head	5
FBgn0032785	A MateM 20d head	21
FBgn0032785	A MateM 4d acc gland	22
FBgn0032785	A MateM 4d head	12
FBgn0032785	A MateM 4d testis	17
FBgn0032785	A VirF 1d head	13
FBgn0032785	A VirF 20d head	8
FBgn0032785	A VirF 4d head	5
FBgn0032785	A VirF 4d ovary	0
FBgn0032785	CNS ML-DmBG1-c1	0
FBgn0032785	CNS ML-DmBG2-c2	0
FBgn0032785	L3 CNS	8
FBgn0032785	L3 Wand carcass	43
FBgn0032785	L3 Wand dig sys	7
FBgn0032785	L3 Wand fat	85
FBgn0032785	L3 Wand imag disc	2
FBgn0032785	L3 Wand saliv	4
FBgn0032785	P15	7
FBgn0032785	P5	55
FBgn0032785	P6	51
FBgn0032785	P8	38
FBgn0032785	P8 CNS	10
FBgn0032785	P8 fat	182
FBgn0032785	P9-10	14
FBgn0032785	Schneider line 2 S2R+	5
FBgn0032785	Schneider line 2 Sg4	0
FBgn0032785	WPP fat	29
FBgn0032785	WPP saliv	6
FBgn0032785	adult female 01day	4
FBgn0032785	adult female 05day	2
FBgn0032785	adult female 30day	2
FBgn0032785	adult male 01day	7
FBgn0032785	adult male 05day	7
FBgn0032785	adult male 30day	6
FBgn0032785	antennal disc ML-DmD20-c5	2
FBgn0032785	embryo 00-02hr	0
FBgn0032785	embryo 02-04hr	0
FBgn0032785	embryo 04-06hr	0
FBgn0032785	embryo 06-08hr	0
FBgn0032785	embryo 08-10hr	1
FBgn0032785	embryo 10-12hr	4
FBgn0032785	embryo 12-14hr	3
FBgn0032785	embryo 14-16hr	3
FBgn0032785	embryo 16-18hr	22
FBgn0032785	embryo 18-20hr	23
FBgn0032785	embryo 20-22hr	3
FBgn0032785	embryo 22-24hr	3
FBgn0032785	embryonic 1182-4H	0
FBgn0032785	embryonic GM2	0
FBgn0032785	embryonic Kc167	0
FBgn0032785	embryonic S1	1
FBgn0032785	embryonic S3	0
FBgn0032785	eye-antennal disc ML-DmD11	9
FBgn0032785	haltere disc ML-DmD17-c3	0
FBgn0032785	larva L1	2
FBgn0032785	larva L2	3
FBgn0032785	larva L3 12hr old	6
FBgn0032785	larva L3 late, Zn 5mM	11
FBgn0032785	larva L3 puffstage 1-2	24
FBgn0032785	larva L3 puffstage 3-6	26
FBgn0032785	larva L3 puffstage 7-9	19
FBgn0032785	larva L3, Caffeine 1.5mg/ml	37
FBgn0032785	larva L3, Cd 12hr	55
FBgn0032785	larva L3, Cd 6hr	32
FBgn0032785	larva L3, Cu 0.5mM	20
FBgn0032785	larva L3, EtOH 10	24
FBgn0032785	larva L3, EtOH 2.5	3
FBgn0032785	larva L3, EtOH 5	18
FBgn0032785	larva L3, Rotenone 2μg	40
FBgn0032785	larva L3, Rotenone 8μg	22
FBgn0032785	leg disc CME L1	1
FBgn0032785	mixed discs ML-DmD4-c1	7
FBgn0032785	ovary OSC	16
FBgn0032785	ovary OSS	16
FBgn0032785	ovary fGS/OSS	37
FBgn0032785	tumorous blood cells mbn2	8
FBgn0032785	white prepupae new	6
FBgn0032785	wing disc CME-W2	0
FBgn0032785	wing disc ML-DmD16-c3	3
FBgn0032785	wing disc ML-DmD21	0
FBgn0032785	wing disc ML-DmD32	1
FBgn0032785	wing disc ML-DmD8	1
FBgn0032785	wing disc ML-DmD9	3
FBgn0037498	4-day Adult, Caffeine 2.5mg/ml	0
FBgn0037498	4-day Adult, Caffeine 25mg/ml	0
FBgn0037498	4-day Adult, Cd 0.05M	0
FBgn0037498	4-day Adult, Cd 0.1M	0
FBgn0037498	4-day Adult, Cu 15mM	0
FBgn0037498	4-day Adult, Paraquat 10mM	1
FBgn0037498	4-day Adult, Paraquat 5mM	1
FBgn0037498	4-day Adult, Zn 4.5mM	1
FBgn0037498	4-day Adult, cold 1	0
FBgn0037498	4-day Adult, cold 2	0
FBgn0037498	4-day Adult, heatshock	1
FBgn0037498	A 1d carcass	0
FBgn0037498	A 1d dig sys	0
FBgn0037498	A 20d carcass	0
FBgn0037498	A 20d dig sys	0
FBgn0037498	A 4d carcass	0
FBgn0037498	A 4d dig sys	1
FBgn0037498	A MateF 1d head	0
FBgn0037498	A MateF 20d head	0
FBgn0037498	A MateF 4d head	0
FBgn0037498	A MateF 4d ovary	0
FBgn0037498	A MateM 1d head	0
FBgn0037498	A MateM 20d head	0
FBgn0037498	A MateM 4d acc gland	45
FBgn0037498	A MateM 4d head	0
FBgn0037498	A MateM 4d testis	2
FBgn0037498	A VirF 1d head	0
FBgn0037498	A VirF 20d head	0
FBgn0037498	A VirF 4d head	0
FBgn0037498	A VirF 4d ovary	0
FBgn0037498	CNS ML-DmBG1-c1	0
FBgn0037498	CNS ML-DmBG2-c2	0
FBgn0037498	L3 CNS	0
FBgn0037498	L3 Wand carcass	0
FBgn0037498	L3 Wand dig sys	0
FBgn0037498	L3 Wand fat	0
FBgn0037498	L3 Wand imag disc	0
FBgn0037498	L3 Wand saliv	0
FBgn0037498	P15	4
FBgn0037498	P5	0
FBgn0037498	P6	0
FBgn0037498	P8	0
FBgn0037498	P8 CNS	0
FBgn0037498	P8 fat	0
FBgn0037498	P9-10	0
FBgn0037498	Schneider line 2 S2R+	0
FBgn0037498	Schneider line 2 Sg4	0
FBgn0037498	WPP fat	0
FBgn0037498	WPP saliv	0
FBgn0037498	adult female 01day	0
FBgn0037498	adult female 05day	0
FBgn0037498	adult female 30day	0
FBgn0037498	adult male 01day	16
FBgn0037498	adult male 05day	16
FBgn0037498	adult male 30day	12
FBgn0037498	antennal disc ML-DmD20-c5	0
FBgn0037498	embryo 00-02hr	0
FBgn0037498	embryo 02-04hr	0
FBgn0037498	embryo 04-06hr	0
FBgn0037498	embryo 06-08hr	0
FBgn0037498	embryo 08-10hr	0
FBgn0037498	embryo 10-12hr	0
FBgn0037498	embryo 12-14hr	0
FBgn0037498	embryo 14-16hr	0
FBgn0037498	embryo 16-18hr	0
FBgn0037498	embryo 18-20hr	0
FBgn0037498	embryo 20-22hr	0
FBgn0037498	embryo 22-24hr	0
FBgn0037498	embryonic 1182-4H	0
FBgn0037498	embryonic GM2	0
FBgn0037498	embryonic Kc167	0
FBgn0037498	embryonic S1	0
FBgn0037498	embryonic S3	0
FBgn0037498	eye-antennal disc ML-DmD11	0
FBgn0037498	haltere disc ML-DmD17-c3	0
FBgn0037498	larva L1	0
FBgn0037498	larva L2	0
FBgn0037498	larva L3 12hr old	0
FBgn0037498	larva L3 late, Zn 5mM	0
FBgn0037498	larva L3 puffstage 1-2	0
FBgn0037498	larva L3 puffstage 3-6	0
FBgn0037498	larva L3 puffstage 7-9	0
FBgn0037498	larva L3, Caffeine 1.5mg/ml	0
FBgn0037498	larva L3, Cd 12hr	0
FBgn0037498	larva L3, Cd 6hr	0
FBgn0037498	larva L3, Cu 0.5mM	0
FBgn0037498	larva L3, EtOH 10	0
FBgn0037498	larva L3, EtOH 2.5	1
FBgn0037498	larva L3, EtOH 5	0
FBgn0037498	larva L3, Rotenone 2μg	0
FBgn0037498	larva L3, Rotenone 8μg	0
FBgn0037498	leg disc CME L1	0
FBgn0037498	mixed discs ML-DmD4-c1	0
FBgn0037498	ovary OSC	0
FBgn0037498	ovary OSS	0
FBgn0037498	ovary fGS/OSS	0
FBgn0037498	tumorous blood cells mbn2	0
FBgn0037498	white prepupae new	0
FBgn0037498	wing disc CME-W2	0
FBgn0037498	wing disc ML-DmD16-c3	0
FBgn0037498	wing disc ML-DmD21	0
FBgn0037498	wing disc ML-DmD32	0
FBgn0037498	wing disc ML-DmD8	0
FBgn0037498	wing disc ML-DmD9	0
FBgn0031563	4-day Adult, Caffeine 2.5mg/ml	3
FBgn0031563	4-day Adult, Caffeine 25mg/ml	0
FBgn0031563	4-day Adult, Cd 0.05M	2
FBgn0031563	4-day Adult, Cd 0.1M	3
FBgn0031563	4-day Adult, Cu 15mM	6
FBgn0031563	4-day Adult, Paraquat 10mM	3
FBgn0031563	4-day Adult, Paraquat 5mM	7
FBgn0031563	4-day Adult, Zn 4.5mM	11
FBgn0031563	4-day Adult, cold 1	0
FBgn0031563	4-day Adult, cold 2	0
FBgn0031563	4-day Adult, heatshock	4
FBgn0031563	A 1d carcass	15
FBgn0031563	A 1d dig sys	1
FBgn0031563	A 20d carcass	26
FBgn0031563	A 20d dig sys	1
FBgn0031563	A 4d carcass	12
FBgn0031563	A 4d dig sys	2
FBgn0031563	A MateF 1d head	12
FBgn0031563	A MateF 20d head	22
FBgn0031563	A MateF 4d head	14
FBgn0031563	A MateF 4d ovary	0
FBgn0031563	A MateM 1d head	14
FBgn0031563	A MateM 20d head	21
FBgn0031563	A MateM 4d acc gland	5
FBgn0031563	A MateM 4d head	15
FBgn0031563	A MateM 4d testis	1
FBgn0031563	A VirF 1d head	21
FBgn0031563	A VirF 20d head	25
FBgn0031563	A VirF 4d head	13
FBgn0031563	A VirF 4d ovary	0
FBgn0031563	CNS ML-DmBG1-c1	0
FBgn0031563	CNS ML-DmBG2-c2	1
FBgn0031563	L3 CNS	0
FBgn0031563	L3 Wand carcass	0
FBgn0031563	L3 Wand dig sys	0
FBgn0031563	L3 Wand fat	6
FBgn0031563	L3 Wand imag disc	0
FBgn0031563	L3 Wand saliv	0
FBgn0031563	P15	26
FBgn0031563	P5	1
FBgn0031563	P6	0
FBgn0031563	P8	1
FBgn0031563	P8 CNS	0
FBgn0031563	P8 fat	0
FBgn0031563	P9-10	25
FBgn0031563	Schneider line 2 S2R+	0
FBgn0031563	Schneider line 2 Sg4	1
FBgn0031563	WPP fat	0
FBgn0031563	WPP saliv	0
FBgn0031563	adult female 01day	8
FBgn0031563	adult female 05day	8
FBgn0031563	adult female 30day	12
FBgn0031563	adult male 01day	22
FBgn0031563	adult male 05day	15
FBgn0031563	adult male 30day	10
FBgn0031563	antennal disc ML-DmD20-c5	0
FBgn0031563	embryo 00-02hr	0
FBgn0031563	embryo 02-04hr	0
FBgn0031563	embryo 04-06hr	0
FBgn0031563	embryo 06-08hr	0
FBgn0031563	embryo 08-10hr	0
FBgn0031563	embryo 10-12hr	0
FBgn0031563	embryo 12-14hr	0
FBgn0031563	embryo 14-16hr	1
FBgn0031563	embryo 16-18hr	13
FBgn0031563	embryo 18-20hr	34
FBgn0031563	embryo 20-22hr	48
FBgn0031563	embryo 22-24hr	59
FBgn0031563	embryonic 1182-4H	0
FBgn0031563	embryonic GM2	1
FBgn0031563	embryonic Kc167	0
FBgn0031563	embryonic S1	0
FBgn0031563	embryonic S3	0
FBgn0031563	eye-antennal disc ML-DmD11	0
FBgn0031563	haltere disc ML-DmD17-c3	0
FBgn0031563	larva L1	9
FBgn0031563	larva L2	14
FBgn0031563	larva L3 12hr old	15
FBgn0031563	larva L3 late, Zn 5mM	0
FBgn0031563	larva L3 puffstage 1-2	12
FBgn0031563	larva L3 puffstage 3-6	8
FBgn0031563	larva L3 puffstage 7-9	2
FBgn0031563	larva L3, Caffeine 1.5mg/ml	5
FBgn0031563	larva L3, Cd 12hr	4
FBgn0031563	larva L3, Cd 6hr	4
FBgn0031563	larva L3, Cu 0.5mM	0
FBgn0031563	larva L3, EtOH 10	2
FBgn0031563	larva L3, EtOH 2.5	4
FBgn0031563	larva L3, EtOH 5	7
FBgn0031563	larva L3, Rotenone 2μg	5
FBgn0031563	larva L3, Rotenone 8μg	2
FBgn0031563	leg disc CME L1	1
FBgn0031563	mixed discs ML-DmD4-c1	0
FBgn0031563	ovary OSC	0
FBgn0031563	ovary OSS	0
FBgn0031563	ovary fGS/OSS	0
FBgn0031563	tumorous blood cells mbn2	0
FBgn0031563	white prepupae new	0
FBgn0031563	wing disc CME-W2	0
FBgn0031563	wing disc ML-DmD16-c3	0
FBgn0031563	wing disc ML-DmD21	0
FBgn0031563	wing disc ML-DmD32	0
FBgn0031563	wing disc ML-DmD8	0
FBgn0031563	wing disc ML-DmD9	0
FBgn0000721	4-day Adult, Caffeine 2.5mg/ml	52
FBgn0000721	4-day Adult, Caffeine 25mg/ml	31
FBgn0000721	4-day Adult, Cd 0.05M	33
FBgn0000721	4-day Adult, Cd 0.1M	57
FBgn0000721	4-day Adult, Cu 15mM	35
FBgn0000721	4-day Adult, Paraquat 10mM	47
FBgn0000721	4-day Adult, Paraquat 5mM	46
FBgn0000721	4-day Adult, Zn 4.5mM	23
FBgn0000721	4-day Adult, cold 1	29
FBgn0000721	4-day Adult, cold 2	22
FBgn0000721	4-day Adult, heatshock	34
FBgn0000721	A 1d carcass	27
FBgn0000721	A 1d dig sys	14
FBgn0000721	A 20d carcass	28
FBgn0000721	A 20d dig sys	14
FBgn0000721	A 4d carcass	27
FBgn0000721	A 4d dig sys	19
FBgn0000721	A MateF 1d head	22
FBgn0000721	A MateF 20d head	25
FBgn0000721	A MateF 4d head	21
FBgn0000721	A MateF 4d ovary	77
FBgn0000721	A MateM 1d head	23
FBgn0000721	A MateM 20d head	29
FBgn0000721	A MateM 4d acc gland	14
FBgn0000721	A MateM 4d head	20
FBgn0000721	A MateM 4d testis	4
FBgn0000721	A VirF 1d head	20
FBgn0000721	A VirF 20d head	27
FBgn0000721	A VirF 4d head	21
FBgn0000721	A VirF 4d ovary	78
FBgn0000721	CNS ML-DmBG1-c1	12
FBgn0000721	CNS ML-DmBG2-c2	16
FBgn0000721	L3 CNS	8
FBgn0000721	L3 Wand carcass	40
FBgn0000721	L3 Wand dig sys	14
FBgn0000721	L3 Wand fat	20
FBgn0000721	L3 Wand imag disc	11
FBgn0000721	L3 Wand saliv	4
FBgn0000721	P15	18
FBgn0000721	P5	36
FBgn0000721	P6	17
FBgn0000721	P8	31
FBgn0000721	P8 CNS	6
FBgn0000721	P8 fat	22
FBgn0000721	P9-10	20
FBgn0000721	Schneider line 2 S2R+	8
FBgn0000721	Schneider line 2 Sg4	34
FBgn0000721	WPP fat	51
FBgn0000721	WPP saliv	55
FBgn0000721	adult female 01day	26
FBgn0000721	adult female 05day	46
FBgn0000721	adult female 30day	48
FBgn0000721	adult male 01day	20
FBgn0000721	adult male 05day	18
FBgn0000721	adult male 30day	16
FBgn0000721	antennal disc ML-DmD20-c5	3
FBgn0000721	embryo 00-02hr	67
FBgn0000721	embryo 02-04hr	66
FBgn0000721	embryo 04-06hr	27
FBgn0000721	embryo 06-08hr	25
FBgn0000721	embryo 08-10hr	26
FBgn0000721	embryo 10-12hr	18
FBgn0000721	embryo 12-14hr	25
FBgn0000721	embryo 14-16hr	36
FBgn0000721	embryo 16-18hr	35
FBgn0000721	embryo 18-20hr	26
FBgn0000721	embryo 20-22hr	53
FBgn0000721	embryo 22-24hr	48
FBgn0000721	embryonic 1182-4H	6
FBgn0000721	embryonic GM2	8
FBgn0000721	embryonic Kc167	6
FBgn0000721	embryonic S1	8
FBgn0000721	embryonic S3	32
FBgn0000721	eye-antennal disc ML-DmD11	9
FBgn0000721	haltere disc ML-DmD17-c3	33
FBgn0000721	larva L1	15
FBgn0000721	larva L2	19
FBgn0000721	larva L3 12hr old	19
FBgn0000721	larva L3 late, Zn 5mM	14
FBgn0000721	larva L3 puffstage 1-2	13
FBgn0000721	larva L3 puffstage 3-6	23
FBgn0000721	larva L3 puffstage 7-9	43
FBgn0000721	larva L3, Caffeine 1.5mg/ml	9
FBgn0000721	larva L3, Cd 12hr	11
FBgn0000721	larva L3, Cd 6hr	14
FBgn0000721	larva L3, Cu 0.5mM	14
FBgn0000721	larva L3, EtOH 10	11
FBgn0000721	larva L3, EtOH 2.5	61
FBgn0000721	larva L3, EtOH 5	10
FBgn0000721	larva L3, Rotenone 2μg	10
FBgn0000721	larva L3, Rotenone 8μg	12
FBgn0000721	leg disc CME L1	36
FBgn0000721	mixed discs ML-DmD4-c1	10
FBgn0000721	ovary OSC	10
FBgn0000721	ovary OSS	6
FBgn0000721	ovary fGS/OSS	23
FBgn0000721	tumorous blood cells mbn2	7
FBgn0000721	white prepupae new	31
FBgn0000721	wing disc CME-W2	22
FBgn0000721	wing disc ML-DmD16-c3	11
FBgn0000721	wing disc ML-DmD21	17
FBgn0000721	wing disc ML-DmD32	11
FBgn0000721	wing disc ML-DmD8	8
FBgn0000721	wing disc ML-DmD9	7
FBgn0000964	4-day Adult, Caffeine 2.5mg/ml	9
FBgn0000964	4-day Adult, Caffeine 25mg/ml	6
FBgn0000964	4-day Adult, Cd 0.05M	2
FBgn0000964	4-day Adult, Cd 0.1M	6
FBgn0000964	4-day Adult, Cu 15mM	9
FBgn0000964	4-day Adult, Paraquat 10mM	12
FBgn0000964	4-day Adult, Paraquat 5mM	13
FBgn0000964	4-day Adult, Zn 4.5mM	17
FBgn0000964	4-day Adult, cold 1	8
FBgn0000964	4-day Adult, cold 2	8
FBgn0000964	4-day Adult, heatshock	7
FBgn0000964	A 1d carcass	12
FBgn0000964	A 1d dig sys	1
FBgn0000964	A 20d carcass	11
FBgn0000964	A 20d dig sys	1
FBgn0000964	A 4d carcass	16
FBgn0000964	A 4d dig sys	4
FBgn0000964	A MateF 1d head	16
FBgn0000964	A MateF 20d head	16
FBgn0000964	A MateF 4d head	20
FBgn0000964	A MateF 4d ovary	23
FBgn0000964	A MateM 1d head	10
FBgn0000964	A MateM 20d head	5
FBgn0000964	A MateM 4d acc gland	1
FBgn0000964	A MateM 4d head	10
FBgn0000964	A MateM 4d testis	2
FBgn0000964	A VirF 1d head	22
FBgn0000964	A VirF 20d head	12
FBgn0000964	A VirF 4d head	13
FBgn0000964	A VirF 4d ovary	26
FBgn0000964	CNS ML-DmBG1-c1	0
FBgn0000964	CNS ML-DmBG2-c2	0
FBgn0000964	L3 CNS	8
FBgn0000964	L3 Wand carcass	2
FBgn0000964	L3 Wand dig sys	0
FBgn0000964	L3 Wand fat	1
FBgn0000964	L3 Wand imag disc	2
FBgn0000964	L3 Wand saliv	0
FBgn0000964	P15	2
FBgn0000964	P5	1
FBgn0000964	P6	1
FBgn0000964	P8	1
FBgn0000964	P8 CNS	10
FBgn0000964	P8 fat	2
FBgn0000964	P9-10	1
FBgn0000964	Schneider line 2 S2R+	0
FBgn0000964	Schneider line 2 Sg4	0
FBgn0000964	WPP fat	4
FBgn0000964	WPP saliv	0
FBgn0000964	adult female 01day	17
FBgn0000964	adult female 05day	21
FBgn0000964	adult female 30day	18
FBgn0000964	adult male 01day	1
FBgn0000964	adult male 05day	1
FBgn0000964	adult male 30day	1
FBgn0000964	antennal disc ML-DmD20-c5	0
FBgn0000964	embryo 00-02hr	0
FBgn0000964	embryo 02-04hr	0
FBgn0000964	embryo 04-06hr	0
FBgn0000964	embryo 06-08hr	0
FBgn0000964	embryo 08-10hr	0
FBgn0000964	embryo 10-12hr	1
FBgn0000964	embryo 12-14hr	2
FBgn0000964	embryo 14-16hr	2
FBgn0000964	embryo 16-18hr	2
FBgn0000964	embryo 18-20hr	2
FBgn0000964	embryo 20-22hr	2
FBgn0000964	embryo 22-24hr	2
FBgn0000964	embryonic 1182-4H	0
FBgn0000964	embryonic GM2	0
FBgn0000964	embryonic Kc167	0
FBgn0000964	embryonic S1	83
FBgn0000964	embryonic S3	0
FBgn0000964	eye-antennal disc ML-DmD11	0
FBgn0000964	haltere disc ML-DmD17-c3	1
FBgn0000964	larva L1	2
FBgn0000964	larva L2	1
FBgn0000964	larva L3 12hr old	0
FBgn0000964	larva L3 late, Zn 5mM	0
FBgn0000964	larva L3 puffstage 1-2	0
FBgn0000964	larva L3 puffstage 3-6	0
FBgn0000964	larva L3 puffstage 7-9	0
FBgn0000964	larva L3, Caffeine 1.5mg/ml	0
FBgn0000964	larva L3, Cd 12hr	0
FBgn0000964	larva L3, Cd 6hr	1
FBgn0000964	larva L3, Cu 0.5mM	0
FBgn0000964	larva L3, EtOH 10	0
FBgn0000964	larva L3, EtOH 2.5	6
FBgn0000964	larva L3, EtOH 5	0
FBgn0000964	larva L3, Rotenone 2μg	0
FBgn0000964	larva L3, Rotenone 8μg	0
FBgn0000964	leg disc CME L1	0
FBgn0000964	mixed discs ML-DmD4-c1	0
FBgn0000964	ovary OSC	400
FBgn0000964	ovary OSS	426
FBgn0000964	ovary fGS/OSS	481
FBgn0000964	tumorous blood cells mbn2	0
FBgn0000964	white prepupae new	1
FBgn0000964	wing disc CME-W2	0
FBgn0000964	wing disc ML-DmD16-c3	0
FBgn0000964	wing disc ML-DmD21	0
FBgn0000964	wing disc ML-DmD32	0
FBgn0000964	wing disc ML-DmD8	0
FBgn0000964	wing disc ML-DmD9	0
FBgn0038028	4-day Adult, Caffeine 2.5mg/ml	0
FBgn0038028	4-day Adult, Caffeine 25mg/ml	1
FBgn0038028	4-day Adult, Cd 0.05M	0
FBgn0038028	4-day Adult, Cd 0.1M	2
FBgn0038028	4-day Adult, Cu 15mM	1
FBgn0038028	4-day Adult, Paraquat 10mM	0
FBgn0038028	4-day Adult, Paraquat 5mM	0
FBgn0038028	4-day Adult, Zn 4.5mM	1
FBgn0038028	4-day Adult, cold 1	1
FBgn0038028	4-day Adult, cold 2	2
FBgn0038028	4-day Adult, heatshock	1
FBgn0038028	A 1d carcass	0
FBgn0038028	A 1d dig sys	0
FBgn0038028	A 20d carcass	0
FBgn0038028	A 20d dig sys	0
FBgn0038028	A 4d carcass	0
FBgn0038028	A 4d dig sys	0
FBgn0038028	A MateF 1d head	0
FBgn0038028	A MateF 20d head	0
FBgn0038028	A MateF 4d head	0
FBgn0038028	A MateF 4d ovary	1
FBgn0038028	A MateM 1d head	0
FBgn0038028	A MateM 20d head	0
FBgn0038028	A MateM 4d acc gland	0
FBgn0038028	A MateM 4d head	0
FBgn0038028	A MateM 4d testis	0
FBgn0038028	A VirF 1d head	0
FBgn0038028	A VirF 20d head	0
FBgn0038028	A VirF 4d head	0
FBgn0038028	A VirF 4d ovary	0
FBgn0038028	CNS ML-DmBG1-c1	0
FBgn0038028	CNS ML-DmBG2-c2	0
FBgn0038028	L3 CNS	0
FBgn0038028	L3 Wand carcass	0
FBgn0038028	L3 Wand dig sys	0
FBgn0038028	L3 Wand fat	0
FBgn0038028	L3 Wand imag disc	0
FBgn0038028	L3 Wand saliv	0
FBgn0038028	P15	0
FBgn0038028	P5	0
FBgn0038028	P6	0
FBgn0038028	P8	2
FBgn0038028	P8 CNS	0
FBgn0038028	P8 fat	0
FBgn0038028	P9-10	0
FBgn0038028	Schneider line 2 S2R+	0
FBgn0038028	Schneider line 2 Sg4	0
FBgn0038028	WPP fat	0
FBgn0038028	WPP saliv	0
FBgn0038028	adult female 01day	4
FBgn0038028	adult female 05day	1
FBgn0038028	adult female 30day	0
FBgn0038028	adult male 01day	0
FBgn0038028	adult male 05day	0
FBgn0038028	adult male 30day	0
FBgn0038028	antennal disc ML-DmD20-c5	0
FBgn0038028	embryo 00-02hr	44
FBgn0038028	embryo 02-04hr	720
FBgn0038028	embryo 04-06hr	1255
FBgn0038028	embryo 06-08hr	370
FBgn0038028	embryo 08-10hr	93
FBgn0038028	embryo 10-12hr	16
FBgn0038028	embryo 12-14hr	5
FBgn0038028	embryo 14-16hr	8
FBgn0038028	embryo 16-18hr	3
FBgn0038028	embryo 18-20hr	11
FBgn0038028	embryo 20-22hr	5
FBgn0038028	embryo 22-24hr	11
FBgn0038028	embryonic 1182-4H	0
FBgn0038028	embryonic GM2	0
FBgn0038028	embryonic Kc167	0
FBgn0038028	embryonic S1	0
FBgn0038028	embryonic S3	0
FBgn0038028	eye-antennal disc ML-DmD11	0
FBgn0038028	haltere disc ML-DmD17-c3	0
FBgn0038028	larva L1	0
FBgn0038028	larva L2	0
FBgn0038028	larva L3 12hr old	0
FBgn0038028	larva L3 late, Zn 5mM	0
FBgn0038028	larva L3 puffstage 1-2	0
FBgn0038028	larva L3 puffstage 3-6	0
FBgn0038028	larva L3 puffstage 7-9	0
FBgn0038028	larva L3, Caffeine 1.5mg/ml	0
FBgn0038028	larva L3, Cd 12hr	0
FBgn0038028	larva L3, Cd 6hr	0
FBgn0038028	larva L3, Cu 0.5mM	0
FBgn0038028	larva L3, EtOH 10	0
FBgn0038028	larva L3, EtOH 2.5	0
FBgn0038028	larva L3, EtOH 5	0
FBgn0038028	larva L3, Rotenone 2μg	0
FBgn0038028	larva L3, Rotenone 8μg	0
FBgn0038028	leg disc CME L1	0
FBgn0038028	mixed discs ML-DmD4-c1	0
FBgn0038028	ovary OSC	0
FBgn0038028	ovary OSS	0
FBgn0038028	ovary fGS/OSS	0
FBgn0038028	tumorous blood cells mbn2	0
FBgn0038028	white prepupae new	0
FBgn0038028	wing disc CME-W2	0
FBgn0038028	wing disc ML-DmD16-c3	0
FBgn0038028	wing disc ML-DmD21	0
FBgn0038028	wing disc ML-DmD32	0
FBgn0038028	wing disc ML-DmD8	0
FBgn0038028	wing disc ML-DmD9	0